time,Conifer_lower_1,Aspen_lower_2,ERTweather,ERTweather_1,Aspen_upper_1,Conifer_upper_1,Conifer_middle,ERT0,Conifer_upper,ERT2,SNI2,ERT6,Conifer_upper_weather,ERT5,ERT1,ERT4,ERT8,ERT7,ERT3,ERTtop,LoRa_base_station,Meadow_piezo,SNI2_2,Aspen_lower,Aspen_lower_1,Aspen_upper,Conifer_lower,Conifer_upper_2
2020-10-01,0.0,0.0,0.0,0.0,0.0,0.0,0.0,,,,,,,,,,,,,,,,,,,,,
2020-10-02,0.0,0.0,0.0,0.0,0.0,0.0,0.0,,,,,,,,,,,,,,,,,,,,,
2020-10-03,0.0,0.0,0.0,0.0,0.0,0.0,0.0,,,,,,,,,,,,,,,,,,,,,
2020-10-04,0.0,0.0,0.0,0.0,0.0,0.0,0.0,,,,,,,,,,,,,,,,,,,,,
2020-10-05,0.0,0.0,0.0,0.0,0.0,0.0,0.0,,,,,,,,,,,,,,,,,,,,,
2020-10-06,0.0,0.0,0.0,0.0,0.0,0.0,0.0,,,,,,,,,,,,,,,,,,,,,
2020-10-07,0.0,0.0,0.0,0.0,0.0,0.0,0.0,,,,,,,,,,,,,,,,,,,,,
2020-10-08,0.0,0.0,0.0,0.0,0.0,0.0,0.0,,,,,,,,,,,,,,,,,,,,,
2020-10-09,0.0,0.0,0.0,0.0,0.0,0.0,0.0,,,,,,,,,,,,,,,,,,,,,
2020-10-10,0.0,0.0,0.0,0.0,0.0,0.0,0.0,,,,,,,,,,,,,,,,,,,,,
2020-10-11,0.0,0.0,0.0,0.0,0.0,0.0,0.0,,,,,,,,,,,,,,,,,,,,,
2020-10-12,0.0,0.0,0.0,0.0,0.0,0.0,0.0,,,,,,,,,,,,,,,,,,,,,
2020-10-13,0.0,0.0,0.0,0.0,0.0,0.0,0.0,,,,,,,,,,,,,,,,,,,,,
2020-10-14,0.0,0.0,0.0,0.0,0.0,0.0,0.0,,,,,,,,,,,,,,,,,,,,,
2020-10-15,0.0,0.0,0.0,0.0,0.0,0.0,0.0,,,,,,,,,,,,,,,,,,,,,
2020-10-16,0.0,0.0,0.0,0.0,0.0,0.0,0.0,,,,,,,,,,,,,,,,,,,,,
2020-10-17,0.0,0.0,0.0,0.0,0.0,0.0,0.0,,,,,,,,,,,,,,,,,,,,,
2020-10-18,0.0,0.0,0.0,0.0,0.0,0.0,0.0,,,,,,,,,,,,,,,,,,,,,
2020-10-19,0.0,0.0,0.0,0.0,0.0,0.0,0.0,,,,,,,,,,,,,,,,,,,,,
2020-10-20,0.0,0.0,0.0,0.0,0.0,0.0,0.0,,,,,,,,,,,,,,,,,,,,,
2020-10-21,0.0,0.0,0.0,0.0,0.0,0.0,0.0,,,,,,,,,,,,,,,,,,,,,
2020-10-22,0.0,0.0,0.0,0.0,0.0,0.0,0.0,,,,,,,,,,,,,,,,,,,,,
2020-10-23,0.0,0.0,0.0,0.0,0.0,0.0,0.0,,,,,,,,,,,,,,,,,,,,,
2020-10-24,0.0,0.0,0.0,0.0,0.0,0.0,0.0,,,,,,,,,,,,,,,,,,,,,
2020-10-25,0.0,0.0,0.0,0.0,0.0,0.0,0.0,,,,,,,,,,,,,,,,,,,,,
2020-10-26,10.5,10.5,10.5,11.5,0.0,0.0,7.5,,,,,,,,,,,,,,,,,,,,,
2020-10-27,5.5,5.5,5.5,11.5,2.5,13.0,2.5,,,,,,,,,,,,,,,,,,,,,
2020-10-28,5.5,5.5,0.0,0.0,2.5,13.0,7.5,,,,,,,,,,,,,,,,,,,,,
2020-10-29,0.0,0.0,0.0,0.0,0.0,0.0,2.5,,,,,,,,,,,,,,,,,,,,,
2020-10-30,0.0,0.0,0.0,0.0,0.0,0.0,0.0,,,,,,,,,,,,,,,,,,,,,
2020-10-31,0.0,0.0,0.0,0.0,0.0,0.0,0.0,,,,,,,,,,,,,,,,,,,,,
2020-11-01,0.0,0.0,0.0,0.0,0.0,0.0,0.0,,,,,,,,,,,,,,,,,,,,,
2020-11-02,0.0,0.0,0.0,0.0,0.0,0.0,0.0,,,,,,,,,,,,,,,,,,,,,
2020-11-03,0.0,0.0,0.0,0.0,0.0,0.0,0.0,,,,,,,,,,,,,,,,,,,,,
2020-11-04,0.0,0.0,0.0,0.0,0.0,0.0,0.0,,,,,,,,,,,,,,,,,,,,,
2020-11-05,0.0,0.0,0.0,0.0,0.0,0.0,0.0,,,,,,,,,,,,,,,,,,,,,
2020-11-06,0.0,0.0,0.0,0.0,0.0,0.0,0.0,,,,,,,,,,,,,,,,,,,,,
2020-11-07,0.0,0.0,0.0,0.0,0.0,0.0,2.5,,,,,,,,,,,,,,,,,,,,,
2020-11-08,10.5,10.5,15.5,16.5,0.0,23.0,7.5,,,,,,,,,,,,,,,,,,,,,
2020-11-09,15.5,20.5,35.5,31.5,0.0,23.0,12.5,,,,,,,,,,,,,,,,,,,,,
2020-11-10,15.5,20.5,30.5,26.5,17.5,23.0,12.5,,,,,,,,,,,,,,,,,,,,,
2020-11-11,20.5,15.5,25.5,26.5,12.5,23.0,7.5,,,,,,,,,,,,,,,,,,,,,
2020-11-12,10.5,10.5,20.5,21.5,12.5,23.0,7.5,,,,,,,,,,,,,,,,,,,,,
2020-11-13,15.5,10.5,20.5,21.5,17.5,23.0,7.5,,,,,,,,,,,,,,,,,,,,,
2020-11-14,35.5,30.5,35.5,36.5,32.5,43.0,27.5,,,,,,,,,,,,,,,,,,,,,
2020-11-15,25.5,25.5,30.5,31.5,27.5,33.0,22.5,,,,,,,,,,,,,,,,,,,,,
2020-11-16,25.5,20.5,25.5,31.5,22.5,33.0,22.5,,,,,,,,,,,,,,,,,,,,,
2020-11-17,15.5,20.5,25.5,26.5,17.5,33.0,17.5,,,,,,,,,,,,,,,,,,,,,
2020-11-18,15.5,15.5,20.5,21.5,17.5,23.0,17.5,,,,,,,,,,,,,,,,,,,,,
2020-11-19,15.5,10.5,20.5,21.5,17.5,23.0,17.5,,,,,,,,,,,,,,,,,,,,,
2020-11-20,10.5,10.5,15.5,16.5,12.5,23.0,12.5,,,,,,,,,,,,,,,,,,,,,
2020-11-21,20.5,20.5,25.5,21.5,22.5,33.0,17.5,,,,,,,,,,,,,,,,,,,,,
2020-11-22,15.5,15.5,20.5,21.5,17.5,33.0,12.5,,,,,,,,,,,,,,,,,,,,,
2020-11-23,20.5,15.5,25.5,21.5,22.5,33.0,17.5,,,,,,,,,,,,,,,,,,,,,
2020-11-24,25.5,30.5,40.5,36.5,37.5,43.0,27.5,,,,,,,,,,,,,,,,,,,,,
2020-11-25,25.5,30.5,35.5,36.5,32.5,43.0,22.5,,,,,,,,,,,,,,,,,,,,,
2020-11-26,25.5,25.5,35.5,31.5,27.5,43.0,22.5,,,,,,,,,,,,,,,,,,,,,
2020-11-27,25.5,25.5,35.5,31.5,27.5,43.0,22.5,,,,,,,,,,,,,,,,,,,,,
2020-11-28,25.5,25.5,30.5,31.5,27.5,33.0,22.5,,,,,,,,,,,,,,,,,,,,,
2020-11-29,20.5,25.5,30.5,26.5,22.5,33.0,22.5,,,,,,,,,,,,,,,,,,,,,
2020-11-30,20.5,25.5,30.5,26.5,22.5,33.0,17.5,,,,,,,,,,,,,,,,,,,,,
2020-12-01,20.5,25.5,30.5,31.5,22.5,33.0,22.5,,,,,,,,,,,,,,,,,,,,,
2020-12-02,20.5,25.5,30.5,31.5,22.5,23.0,17.5,,,,,,,,,,,,,,,,,,,,,
2020-12-03,20.5,25.5,30.5,31.5,22.5,33.0,22.5,,,,,,,,,,,,,,,,,,,,,
2020-12-04,20.5,25.5,30.5,31.5,22.5,33.0,17.5,,,,,,,,,,,,,,,,,,,,,
2020-12-05,20.5,25.5,30.5,31.5,22.5,33.0,17.5,,,,,,,,,,,,,,,,,,,,,
2020-12-06,20.5,25.5,30.5,31.5,22.5,33.0,17.5,,,,,,,,,,,,,,,,,,,,,
2020-12-07,20.5,25.5,30.5,31.5,22.5,33.0,17.5,,,,,,,,,,,,,,,,,,,,,
2020-12-08,20.5,20.5,30.5,31.5,22.5,33.0,17.5,,,,,,,,,,,,,,,,,,,,,
2020-12-09,15.5,20.5,30.5,31.5,22.5,23.0,17.5,,,,,,,,,,,,,,,,,,,,,
2020-12-10,10.5,20.5,30.5,26.5,22.5,23.0,12.5,,,,,,,,,,,,,,,,,,,,,
2020-12-11,30.5,35.5,50.5,31.5,22.5,43.0,27.5,,,,,,,,,,,,,,,,,,,,,
2020-12-12,35.5,50.5,60.5,61.5,42.5,43.0,22.5,,,,,,,,,,,,,,,,,,,,,
2020-12-13,40.5,45.5,60.5,61.5,47.5,53.0,37.5,,,,,,,,,,,,,,,,,,,,,
2020-12-14,40.5,55.5,65.5,66.5,52.5,53.0,37.5,,,,,,,,,,,,,,,,,,,,,
2020-12-15,40.5,50.5,65.5,61.5,47.5,53.0,42.5,,,,,,,,,,,,,,,,,,,,,
2020-12-16,40.5,50.5,60.5,61.5,47.5,53.0,37.5,,,,,,,,,,,,,,,,,,,,,
2020-12-17,35.5,45.5,55.5,56.5,42.5,53.0,37.5,,,,,,,,,,,,,,,,,,,,,
2020-12-18,45.5,55.5,70.5,71.5,57.5,63.0,42.5,,,,,,,,,,,,,,,,,,,,,
2020-12-19,45.5,55.5,65.5,66.5,52.5,63.0,42.5,,,,,,,,,,,,,,,,,,,,,
2020-12-20,40.5,50.5,60.5,61.5,47.5,63.0,42.5,,,,,,,,,,,,,,,,,,,,,
2020-12-21,40.5,50.5,60.5,56.5,47.5,63.0,37.5,,,,,,,,,,,,,,,,,,,,,
2020-12-22,40.5,50.5,60.5,56.5,47.5,63.0,37.5,,,,,,,,,,,,,,,,,,,,,
2020-12-23,40.5,50.5,60.5,61.5,52.5,63.0,37.5,,,,,,,,,,,,,,,,,,,,,
2020-12-24,45.5,50.5,60.5,61.5,47.5,63.0,37.5,,,,,,,,,,,,,,,,,,,,,
2020-12-25,40.5,50.5,60.5,61.5,47.5,53.0,37.5,,,,,,,,,,,,,,,,,,,,,
2020-12-26,40.5,45.5,60.5,56.5,47.5,53.0,37.5,,,,,,,,,,,,,,,,,,,,,
2020-12-27,40.5,50.5,60.5,61.5,47.5,53.0,37.5,,,,,,,,,,,,,,,,,,,,,
2020-12-28,45.5,50.5,65.5,61.5,47.5,63.0,37.5,,,,,,,,,,,,,,,,,,,,,
2020-12-29,55.5,65.5,80.5,81.5,67.5,73.0,52.5,,,,,,,,,,,,,,,,,,,,,
2020-12-30,50.5,65.5,75.5,76.5,62.5,73.0,52.5,,,,,,,,,,,,,,,,,,,,,
2020-12-31,50.5,60.5,75.5,71.5,62.5,73.0,47.5,,,,,,,,,,,,,,,,,,,,,
2021-01-01,50.5,60.5,70.5,71.5,57.5,73.0,47.5,,,,,,,,,,,,,,,,,,,,,
2021-01-02,50.5,55.5,70.5,66.5,57.5,73.0,47.5,,,,,,,,,,,,,,,,,,,,,
2021-01-03,45.5,55.5,65.5,66.5,57.5,73.0,47.5,,,,,,,,,,,,,,,,,,,,,
2021-01-04,50.5,60.5,70.5,71.5,57.5,73.0,47.5,,,,,,,,,,,,,,,,,,,,,
2021-01-05,50.5,55.5,75.5,76.5,57.5,73.0,52.5,,,,,,,,,,,,,,,,,,,,,
2021-01-06,50.5,60.5,75.5,76.5,57.5,73.0,52.5,,,,,,,,,,,,,,,,,,,,,
2021-01-07,50.5,60.5,70.5,71.5,57.5,73.0,47.5,,,,,,,,,,,,,,,,,,,,,
2021-01-08,50.5,55.5,70.5,71.5,57.5,63.0,47.5,,,,,,,,,,,,,,,,,,,,,
2021-01-09,45.5,55.5,70.5,66.5,57.5,63.0,47.5,,,,,,,,,,,,,,,,,,,,,
2021-01-10,45.5,55.5,70.5,66.5,52.5,63.0,42.5,,,,,,,,,,,,,,,,,,,,,
2021-01-11,45.5,55.5,70.5,66.5,52.5,63.0,42.5,,,,,,,,,,,,,,,,,,,,,
2021-01-12,45.5,55.5,65.5,66.5,52.5,63.0,42.5,,,,,,,,,,,,,,,,,,,,,
2021-01-13,45.5,55.5,65.5,66.5,52.5,63.0,42.5,,,,,,,,,,,,,,,,,,,,,
2021-01-14,45.5,55.5,70.5,66.5,52.5,63.0,42.5,,,,,,,,,,,,,,,,,,,,,
2021-01-15,45.5,55.5,65.5,66.5,52.5,63.0,42.5,,,,,,,,,,,,,,,,,,,,,
2021-01-16,45.5,50.5,65.5,66.5,52.5,63.0,42.5,,,,,,,,,,,,,,,,,,,,,
2021-01-17,40.5,50.5,65.5,66.5,52.5,63.0,37.5,,,,,,,,,,,,,,,,,,,,,
2021-01-18,40.5,50.5,65.5,66.5,47.5,63.0,37.5,,,,,,,,,,,,,,,,,,,,,
2021-01-19,45.5,55.5,70.5,66.5,52.5,63.0,37.5,,,,,,,,,,,,,,,,,,,,,
2021-01-20,45.5,55.5,70.5,66.5,52.5,63.0,42.5,,,,,,,,,,,,,,,,,,,,,
2021-01-21,45.5,55.5,70.5,71.5,57.5,63.0,42.5,,,,,,,,,,,,,,,,,,,,,
2021-01-22,50.5,60.5,75.5,71.5,57.5,73.0,47.5,,,,,,,,,,,,,,,,,,,,,
2021-01-23,65.5,75.5,90.5,91.5,72.5,85.5,57.5,,,,,,,,,,,,,,,,,,,,,
2021-01-24,65.5,75.5,90.5,91.5,72.5,85.5,57.5,,,,,,,,,,,,,,,,,,,,,
2021-01-25,65.5,75.5,90.5,91.5,72.5,90.5,57.5,,,,,,,,,,,,,,,,,,,,,
2021-01-26,65.5,75.5,90.5,91.5,72.5,90.5,57.5,,,,,,,,,,,,,,,,,,,,,
2021-01-27,70.5,75.5,90.5,91.5,72.5,90.5,52.5,,,,,,,,,,,,,,,,,,,,,
2021-01-28,65.5,75.5,90.5,91.5,72.5,85.5,57.5,,,,,,,,,,,,,,,,,,,,,
2021-01-29,65.5,70.5,85.5,86.5,72.5,85.5,57.5,,,,,,,,,,,,,,,,,,,,,
2021-01-30,65.5,75.5,90.5,91.5,72.5,90.5,57.5,,,,,,,,,,,,,,,,,,,,,
2021-01-31,65.5,75.5,90.5,91.5,72.5,90.5,57.5,,,,,,,,,,,,,,,,,,,,,
2021-02-01,60.5,70.5,90.5,91.5,72.5,85.5,57.5,,,,,,,,,,,,,,,,,,,,,
2021-02-02,60.5,70.5,85.5,86.5,67.5,85.5,57.5,,,,,,,,,,,,,,,,,,,,,
2021-02-03,65.5,70.5,85.5,86.5,72.5,85.5,57.5,,,,,,,,,,,,,,,,,,,,,
2021-02-04,75.5,85.5,105.5,106.5,77.5,95.5,72.5,,,,,,,,,,,,,,,,,,,,,
2021-02-05,75.5,85.5,100.5,101.5,77.5,95.5,67.5,,,,,,,,,,,,,,,,,,,,,
2021-02-06,80.5,85.5,105.5,106.5,82.5,100.5,72.5,,,,,,,,,,,,,,,,,,,,,
2021-02-07,75.5,85.5,105.5,106.5,82.5,100.5,72.5,,,,,,,,,,,,,,,,,,,,,
2021-02-08,75.5,80.5,100.5,101.5,77.5,95.5,72.5,,,,,,,,,,,,,,,,,,,,,
2021-02-09,70.5,80.5,100.5,101.5,77.5,95.5,67.5,,,,,,,,,,,,,,,,,,,,,
2021-02-10,85.5,95.5,115.5,116.5,92.5,105.5,77.5,,,,,,,,,,,,,,,,,,,,,
2021-02-11,85.5,90.5,115.5,116.5,92.5,105.5,77.5,,,,,,,,,,,,,,,,,,,,,
2021-02-12,85.5,105.5,120.5,121.5,92.5,110.5,82.5,,,,,,,,,,,,,,,,,,,,,
2021-02-13,105.5,110.5,138.0,139.0,92.5,117.5,97.5,,,,,,,,,,,,,,,,,,,,,
2021-02-14,110.5,105.5,148.0,149.0,92.5,132.0,97.5,,,,,,,,,,,,,,,,,,,,,
2021-02-15,100.5,100.5,138.0,139.0,102.5,132.0,92.5,,,,,,,,,,,,,,,,,,,,,
2021-02-16,110.5,95.5,138.0,139.0,102.5,132.0,97.5,,,,,,,,,,,,,,,,,,,,,
2021-02-17,100.5,100.5,138.0,139.0,102.5,132.0,97.5,,,,,,,,,,,,,,,,,,,,,
2021-02-18,100.5,95.5,128.0,129.0,97.5,132.0,92.5,,,,,,,,,,,,,,,,,,,,,
2021-02-19,95.5,100.5,128.0,129.0,97.5,132.0,92.5,,,,,,,,,,,,,,,,,,,,,
2021-02-20,85.5,100.5,128.0,129.0,97.5,132.0,87.5,,,,,,,,,,,,,,,,,,,,,
2021-02-21,85.5,100.5,128.0,121.5,97.5,132.0,92.5,,,,,,,,,,,,,,,,,,,,,
2021-02-22,85.5,95.5,128.0,121.5,97.5,132.0,92.5,,,,,,,,,,,,,,,,,,,,,
2021-02-23,85.5,95.5,120.5,116.5,97.5,132.0,87.5,,,,,,,,,,,,,,,,,,,,,
2021-02-24,85.5,90.5,115.5,116.5,92.5,132.0,82.5,,,,,,,,,,,,,,,,,,,,,
2021-02-25,85.5,90.5,115.5,111.5,92.5,132.0,82.5,,,,,,,,,,,,,,,,,,,,,
2021-02-26,85.5,90.5,115.5,111.5,92.5,132.0,82.5,,,,,,,,,,,,,,,,,,,,,
2021-02-27,85.5,95.5,115.5,116.5,97.5,132.0,82.5,,,,,,,,,,,,,,,,,,,,,
2021-02-28,85.5,90.5,115.5,116.5,92.5,132.0,82.5,,,,,,,,,,,,,,,,,,,,,
2021-03-01,85.5,90.5,115.5,111.5,92.5,117.5,80.0,,,,,,,,,,,,,,,,,,,,,
2021-03-02,85.5,90.5,115.5,111.5,92.5,117.5,77.5,,,,,,,,,,,,,,,,,,,,,
2021-03-03,80.5,90.5,110.5,111.5,92.5,117.5,77.5,,,,,,,,,,,,,,,,,,,,,
2021-03-04,85.5,95.5,120.5,111.5,92.5,117.5,82.5,,,,,,,,,,,,,,,,,,,,,
2021-03-05,85.5,95.5,115.5,121.5,97.5,117.5,82.5,,,,,,,,,,,,,,,,,,,,,
2021-03-06,85.5,90.5,115.5,111.5,92.5,117.5,80.0,,,,,,,,,,,,,,,,,,,,,
2021-03-07,85.5,90.5,110.5,111.5,92.5,117.5,77.5,,,,,,,,,,,,,,,,,,,,,
2021-03-08,85.5,90.5,115.5,111.5,92.5,117.5,82.5,,,,,,,,,,,,,,,,,,,,,
2021-03-09,85.5,90.5,110.5,111.5,92.5,105.5,77.5,,,,,,,,,,,,,,,,,,,,,
2021-03-10,95.5,100.5,128.0,129.0,102.5,117.5,87.5,,,,,,,,,,,,,,,,,,,,,
2021-03-11,90.5,100.5,120.5,121.5,102.5,117.5,87.5,,,,,,,,,,,,,,,,,,,,,
2021-03-12,90.5,95.5,120.5,121.5,97.5,117.5,82.5,,,,,,,,,,,,,,,,,,,,,
2021-03-13,85.5,95.5,120.5,116.5,97.5,110.5,82.5,,,,,,,,,,,,,,,,,,,,,
2021-03-14,90.5,100.5,128.0,121.5,102.5,100.5,87.5,,,,,,,,,,,,,,,,,,,,,
2021-03-15,90.5,100.5,120.5,121.5,102.5,110.5,87.5,,,,,,,,,,,,,,,,,,,,,
2021-03-16,90.5,100.5,120.5,121.5,102.5,117.5,87.5,,,,,,,,,,,,,,,,,,,,,
2021-03-17,90.5,95.5,120.5,121.5,97.5,117.5,87.5,,,,,,,,,,,,,,,,,,,,,
2021-03-18,90.5,95.5,120.5,121.5,97.5,117.5,82.5,,,,,,,,,,,,,,,,,,,,,
2021-03-19,90.5,95.5,115.5,116.5,97.5,110.5,82.5,,,,,,,,,,,,,,,,,,,,,
2021-03-20,85.5,90.5,115.5,111.5,97.5,105.5,82.5,,,,,,,,,,,,,,,,,,,,,
2021-03-21,90.5,100.5,120.5,121.5,102.5,110.5,87.5,,,,,,,,,,,,,,,,,,,,,
2021-03-22,90.5,100.5,120.5,121.5,102.5,105.5,87.5,,,,,,,,,,,,,,,,,,,,,
2021-03-23,90.5,95.5,120.5,121.5,97.5,105.5,87.5,,,,,,,,,,,,,,,,,,,,,
2021-03-24,90.5,95.5,120.5,116.5,97.5,105.5,82.5,,,,,,,,,,,,,,,,,,,,,
2021-03-25,95.5,105.5,128.0,129.0,107.5,105.5,87.5,,,,,,,,,,,,,,,,,,,,,
2021-03-26,95.5,105.5,128.0,129.0,107.5,105.5,92.5,,,,,,,,,,,,,,,,,,,,,
2021-03-27,95.5,105.5,128.0,129.0,107.5,110.5,87.5,,,,,,,,,,,,,,,,,,,,,
2021-03-28,95.5,100.5,128.0,129.0,102.5,100.5,87.5,,,,,,,,,,,,,,,,,,,,,
2021-03-29,95.5,95.5,120.5,121.5,102.5,110.5,82.5,,,,,,,,,,,,,,,,,,,,,
2021-03-30,95.5,100.5,128.0,129.0,102.5,105.5,87.5,,,,,,,,,,,,,,,,,,,,,
2021-03-31,90.5,100.5,120.5,121.5,102.5,105.5,82.5,,,,,,,,,,,,,,,,,,,,,
2021-04-01,90.5,95.5,115.5,116.5,102.5,105.5,82.5,,,,,,,,,,,,,,,,,,,,,
2021-04-02,85.5,90.5,115.5,111.5,97.5,105.5,77.5,,,,,,,,,,,,,,,,,,,,,
2021-04-03,80.5,85.5,110.5,106.5,92.5,105.5,77.5,,,,,,,,,,,,,,,,,,,,,
2021-04-04,75.5,80.5,100.5,101.5,87.5,100.5,72.5,,,,,,,,,,,,,,,,,,,,,
2021-04-05,75.5,75.5,95.5,96.5,87.5,100.5,67.5,,,,,,,,,,,,,,,,,,,,,
2021-04-06,70.5,70.5,90.5,91.5,82.5,95.5,67.5,,,,,,,,,,,,,,,,,,,,,
2021-04-07,70.5,70.5,95.5,91.5,82.5,95.5,67.5,,,,,,,,,,,,,,,,,,,,,
2021-04-08,65.5,70.5,90.5,86.5,82.5,90.5,62.5,,,,,,,,,,,,,,,,,,,,,
2021-04-09,65.5,65.5,85.5,81.5,77.5,90.5,62.5,,,,,,,,,,,,,,,,,,,,,
2021-04-10,65.5,65.5,85.5,81.5,77.5,90.5,62.5,,,,,,,,,,,,,,,,,,,,,
2021-04-11,65.5,65.5,75.5,76.5,77.5,90.5,62.5,,,,,,,,,,,,,,,,,,,,,
2021-04-12,65.5,60.5,75.5,71.5,72.5,85.5,62.5,,,,,,,,,,,,,,,,,,,,,
2021-04-13,65.5,60.5,75.5,71.5,77.5,90.5,62.5,,,,,,,,,,,,,,,,,,,,,
2021-04-14,65.5,55.5,70.5,66.5,72.5,95.5,62.5,,,,,,,,,,,,,,,,,,,,,
2021-04-15,65.5,50.5,65.5,66.5,72.5,90.5,62.5,,,,,,,,,,,,,,,,,,,,,
2021-04-16,65.5,50.5,75.5,71.5,72.5,90.5,62.5,,,,,,,,,,,,,,,,,,,,,
2021-04-17,70.5,65.5,75.5,81.5,82.5,95.5,67.5,,,,,,,,,,,,,,,,,,,,,
2021-04-18,65.5,50.5,75.5,76.5,77.5,90.5,62.5,,,,,,,,,,,,,,,,,,,,,
2021-04-19,65.5,50.5,70.5,66.5,72.5,90.5,62.5,,,,,,,,,,,,,,,,,,,,,
2021-04-20,70.5,60.5,75.5,76.5,77.5,90.5,67.5,,,,,,,,,,,,,,,,,,,,,
2021-04-21,70.5,58.0,75.5,76.5,77.5,90.5,67.5,,,,,,,,,,,,,,,,,,,,,
2021-04-22,70.5,55.5,75.5,76.5,77.5,95.5,72.5,,,,,,,,,,,,,,,,,,,,,
2021-04-23,75.5,60.5,80.5,81.5,82.5,95.5,72.5,,,,,,,,,,,,,,,,,,,,,
2021-04-24,75.5,55.5,75.5,76.5,77.5,95.5,72.5,,,,,,,,,,,,,,,,,,,,,
2021-04-25,65.5,45.5,65.5,66.5,72.5,90.5,62.5,,,,,,,,,,,,,,,,,,,,,
2021-04-26,65.5,45.5,60.5,66.5,72.5,85.5,67.5,,,,,,,,,,,,,,,,,,,,,
2021-04-27,65.5,40.5,60.5,66.5,72.5,90.5,62.5,,,,,,,,,,,,,,,,,,,,,
2021-04-28,65.5,40.5,60.5,61.5,72.5,85.5,62.5,,,,,,,,,,,,,,,,,,,,,
2021-04-29,60.5,35.5,55.5,56.5,62.5,80.5,62.5,,,,,,,,,,,,,,,,,,,,,
2021-04-30,55.5,25.5,45.5,46.5,57.5,73.0,57.5,,,,,,,,,,,,,,,,,,,,,
2021-05-01,50.5,18.0,35.5,51.5,57.5,73.0,57.5,,,,,,,,,,,,,,,,,,,,,
2021-05-02,45.5,10.5,43.0,51.5,47.5,63.0,52.5,,,,,,,,,,,,,,,,,,,,,
2021-05-03,55.5,20.5,50.5,51.5,57.5,73.0,57.5,,,,,,,,,,,,,,,,,,,,,
2021-05-04,55.5,15.5,40.5,51.5,57.5,73.0,57.5,,,,,,,,,,,,,,,,,,,,,
2021-05-05,50.5,10.5,35.5,46.5,52.5,73.0,52.5,,,,,,,,,,,,,,,,,,,,,
2021-05-06,50.5,0.0,30.5,31.5,47.5,63.0,47.5,,,,,,,,,,,,,,,,,,,,,
2021-05-07,45.5,0.0,20.5,26.5,47.5,63.0,52.5,,,,,,,,,,,,,,,,,,,,,
2021-05-08,35.5,0.0,15.5,21.5,37.5,63.0,52.5,,,,,,,,,,,,,,,,,,,,,
2021-05-09,35.5,0.0,15.5,11.5,37.5,53.0,42.5,,,,,,,,,,,,,,,,,,,,,
2021-05-10,40.5,0.0,15.5,21.5,42.5,63.0,47.5,,,,,,,,,,,,,,,,,,,,,
2021-05-11,50.5,0.0,20.5,26.5,47.5,63.0,52.5,,,,,,,,,,,,,,,,,,,,,
2021-05-12,45.5,0.0,15.5,21.5,42.5,63.0,47.5,,,,,,,,,,,,,,,,,,,,,
2021-05-13,35.5,0.0,0.0,0.0,37.5,53.0,42.5,,,,,,,,,,,,,,,,,,,,,
2021-05-14,25.5,0.0,0.0,0.0,32.5,53.0,37.5,,,,,,,,,,,,,,,,,,,,,
2021-05-15,20.5,0.0,0.0,0.0,27.5,53.0,32.5,,,,,,,,,,,,,,,,,,,,,
2021-05-16,15.5,0.0,0.0,0.0,22.5,43.0,47.5,,,,,,,,,,,,,,,,,,,,,
2021-05-17,15.5,0.0,0.0,0.0,17.5,43.0,42.5,,,,,,,,,,,,,,,,,,,,,
2021-05-18,20.5,0.0,0.0,0.0,22.5,43.0,37.5,,,,,,,,,,,,,,,,,,,,,
2021-05-19,15.5,0.0,0.0,0.0,12.5,43.0,32.5,,,,,,,,,,,,,,,,,,,,,
2021-05-20,5.5,0.0,0.0,0.0,0.0,33.0,32.5,,,,,,,,,,,,,,,,,,,,,
2021-05-21,0.0,0.0,0.0,0.0,0.0,33.0,32.5,,,,,,,,,,,,,,,,,,,,,
2021-05-22,0.0,0.0,0.0,0.0,0.0,23.0,22.5,,,,,,,,,,,,,,,,,,,,,
2021-05-23,0.0,0.0,0.0,0.0,0.0,23.0,17.5,,,,,,,,,,,,,,,,,,,,,
2021-05-24,0.0,0.0,0.0,0.0,0.0,23.0,12.5,,,,,,,,,,,,,,,,,,,,,
2021-05-25,0.0,0.0,0.0,0.0,0.0,13.0,12.5,,,,,,,,,,,,,,,,,,,,,
2021-05-26,0.0,0.0,0.0,0.0,0.0,13.0,7.5,,,,,,,,,,,,,,,,,,,,,
2021-05-27,0.0,0.0,0.0,0.0,0.0,0.0,7.5,,,,,,,,,,,,,,,,,,,,,
2021-05-28,0.0,0.0,0.0,0.0,0.0,0.0,7.5,,,,,,,,,,,,,,,,,,,,,
2021-05-29,0.0,0.0,0.0,0.0,0.0,0.0,0.0,,,,,,,,,,,,,,,,,,,,,
2021-05-30,0.0,0.0,0.0,0.0,0.0,0.0,0.0,,,,,,,,,,,,,,,,,,,,,
2021-05-31,0.0,0.0,0.0,0.0,0.0,0.0,0.0,,,,,,,,,,,,,,,,,,,,,
2021-06-01,0.0,0.0,0.0,0.0,0.0,0.0,0.0,,,,,,,,,,,,,,,,,,,,,
2021-06-02,0.0,0.0,0.0,0.0,0.0,0.0,0.0,,,,,,,,,,,,,,,,,,,,,
2021-06-03,0.0,0.0,0.0,0.0,0.0,0.0,0.0,,,,,,,,,,,,,,,,,,,,,
2021-06-04,0.0,0.0,0.0,0.0,0.0,0.0,0.0,,,,,,,,,,,,,,,,,,,,,
2021-06-05,0.0,0.0,0.0,0.0,0.0,0.0,0.0,,,,,,,,,,,,,,,,,,,,,
2021-06-06,0.0,0.0,0.0,0.0,0.0,0.0,0.0,,,,,,,,,,,,,,,,,,,,,
2021-06-07,0.0,0.0,0.0,0.0,0.0,0.0,0.0,,,,,,,,,,,,,,,,,,,,,
2021-06-08,0.0,0.0,0.0,0.0,0.0,0.0,0.0,,,,,,,,,,,,,,,,,,,,,
2021-06-09,0.0,0.0,0.0,0.0,0.0,0.0,0.0,,,,,,,,,,,,,,,,,,,,,
2021-06-10,0.0,0.0,0.0,0.0,0.0,0.0,0.0,,,,,,,,,,,,,,,,,,,,,
2021-06-11,0.0,0.0,0.0,0.0,0.0,0.0,0.0,,,,,,,,,,,,,,,,,,,,,
2021-06-12,0.0,0.0,0.0,0.0,0.0,0.0,0.0,,,,,,,,,,,,,,,,,,,,,
2021-06-13,0.0,0.0,0.0,0.0,0.0,0.0,0.0,,,,,,,,,,,,,,,,,,,,,
2021-06-14,0.0,0.0,0.0,0.0,0.0,0.0,0.0,,,,,,,,,,,,,,,,,,,,,
2021-10-01,0.0,0.0,0.0,0.0,0.0,0.0,0.0,0.0,0.0,0.0,0.0,0.0,0.0,0.0,0.0,0.0,0.0,0.0,,,,,,,,,,
2021-10-02,0.0,0.0,0.0,0.0,0.0,0.0,0.0,0.0,0.0,0.0,0.0,0.0,0.0,0.0,0.0,0.0,0.0,0.0,,,,,,,,,,
2021-10-03,0.0,0.0,0.0,0.0,0.0,0.0,0.0,0.0,0.0,0.0,0.0,0.0,0.0,0.0,0.0,0.0,0.0,0.0,,,,,,,,,,
2021-10-04,0.0,0.0,0.0,0.0,0.0,0.0,0.0,0.0,0.0,0.0,0.0,0.0,0.0,0.0,0.0,0.0,0.0,0.0,,,,,,,,,,
2021-10-05,0.0,0.0,0.0,0.0,0.0,0.0,0.0,0.0,0.0,0.0,0.0,0.0,0.0,0.0,0.0,0.0,0.0,0.0,,,,,,,,,,
2021-10-06,0.0,0.0,0.0,0.0,0.0,0.0,0.0,0.0,0.0,0.0,0.0,0.0,0.0,0.0,0.0,0.0,0.0,0.0,,,,,,,,,,
2021-10-07,0.0,0.0,0.0,0.0,0.0,0.0,0.0,0.0,0.0,0.0,0.0,0.0,0.0,0.0,0.0,0.0,0.0,0.0,,,,,,,,,,
2021-10-08,0.0,0.0,0.0,0.0,0.0,0.0,0.0,0.0,0.0,0.0,0.0,0.0,0.0,0.0,0.0,0.0,0.0,0.0,,,,,,,,,,
2021-10-09,0.0,0.0,0.0,0.0,0.0,0.0,0.0,0.0,0.0,0.0,0.0,0.0,0.0,0.0,0.0,0.0,0.0,0.0,,,,,,,,,,
2021-10-10,0.0,0.0,0.0,0.0,0.0,0.0,0.0,0.0,0.0,0.0,0.0,0.0,0.0,0.0,0.0,0.0,0.0,0.0,,,,,,,,,,
2021-10-11,0.0,0.0,0.0,0.0,0.0,0.0,0.0,0.0,0.0,0.0,0.0,0.0,0.0,0.0,0.0,0.0,0.0,0.0,,,,,,,,,,
2021-10-12,0.0,0.0,0.0,0.0,0.0,0.0,2.5,0.0,0.0,0.0,0.0,0.0,0.0,0.0,0.0,0.0,0.0,0.0,,,,,,,,,,
2021-10-13,5.5,0.0,10.5,0.0,0.0,13.0,2.5,0.0,5.5,0.0,0.0,3.5,5.5,0.0,0.0,0.0,4.5,0.0,,,,,,,,,,
2021-10-14,5.5,5.5,0.0,0.0,7.5,13.0,7.5,17.5,5.5,11.5,5.5,8.5,5.5,0.0,0.0,0.0,14.5,12.5,,,,,,,,,,
2021-10-15,10.5,5.5,0.0,0.0,12.5,13.0,7.5,17.5,5.5,0.0,5.5,13.5,10.5,0.0,0.0,0.0,14.5,12.5,,,,,,,,,,
2021-10-16,5.5,0.0,0.0,0.0,7.5,23.0,7.5,12.5,5.5,0.0,5.5,8.5,5.5,0.0,0.0,0.0,9.5,7.5,,,,,,,,,,
2021-10-17,0.0,0.0,0.0,0.0,2.5,13.0,2.5,7.5,5.5,0.0,0.0,0.0,5.5,0.0,0.0,0.0,4.5,0.0,,,,,,,,,,
2021-10-18,0.0,0.0,0.0,0.0,0.0,13.0,2.5,7.5,0.0,0.0,0.0,0.0,5.5,0.0,0.0,0.0,0.0,0.0,,,,,,,,,,
2021-10-19,0.0,0.0,0.0,0.0,2.5,13.0,2.5,7.5,0.0,0.0,0.0,0.0,5.5,0.0,0.0,0.0,0.0,0.0,,,,,,,,,,
2021-10-20,0.0,0.0,0.0,0.0,0.0,13.0,2.5,7.5,0.0,0.0,0.0,0.0,5.5,0.0,0.0,0.0,0.0,0.0,,,,,,,,,,
2021-10-21,0.0,0.0,0.0,0.0,0.0,13.0,0.0,7.5,0.0,0.0,0.0,0.0,5.5,0.0,0.0,0.0,0.0,0.0,,,,,,,,,,
2021-10-22,0.0,0.0,0.0,0.0,0.0,13.0,0.0,7.5,0.0,0.0,0.0,0.0,5.5,0.0,0.0,0.0,0.0,0.0,,,,,,,,,,
2021-10-23,0.0,0.0,0.0,0.0,0.0,13.0,0.0,0.0,0.0,0.0,0.0,0.0,5.5,0.0,0.0,0.0,0.0,0.0,,,,,,,,,,
2021-10-24,0.0,0.0,0.0,0.0,2.5,13.0,2.5,12.5,5.5,0.0,0.0,3.5,10.5,0.0,0.0,0.0,4.5,0.0,,,,,,,,,,
2021-10-25,0.0,0.0,0.0,0.0,0.0,13.0,0.0,7.5,0.0,0.0,0.0,0.0,5.5,0.0,0.0,0.0,0.0,0.0,,,,,,,,,,
2021-10-26,0.0,0.0,0.0,0.0,2.5,13.0,2.5,7.5,0.0,0.0,0.0,0.0,5.5,0.0,0.0,0.0,0.0,0.0,,,,,,,,,,
2021-10-27,0.0,0.0,0.0,0.0,2.5,13.0,2.5,12.5,0.0,0.0,0.0,3.5,10.5,0.0,0.0,0.0,9.5,0.0,,,,,,,,,,
2021-10-28,5.5,0.0,0.0,0.0,2.5,13.0,7.5,12.5,5.5,0.0,0.0,0.0,10.5,0.0,0.0,0.0,4.5,7.5,,,,,,,,,,
2021-10-29,0.0,0.0,0.0,0.0,2.5,13.0,2.5,12.5,0.0,0.0,0.0,0.0,10.5,0.0,0.0,0.0,0.0,0.0,,,,,,,,,,
2021-10-30,0.0,0.0,0.0,0.0,0.0,13.0,0.0,7.5,0.0,0.0,0.0,0.0,10.5,0.0,0.0,0.0,0.0,0.0,,,,,,,,,,
2021-10-31,0.0,0.0,0.0,0.0,2.5,13.0,2.5,7.5,0.0,0.0,0.0,0.0,5.5,0.0,0.0,0.0,0.0,0.0,,,,,,,,,,
2021-11-01,0.0,0.0,0.0,0.0,0.0,13.0,2.5,7.5,0.0,0.0,0.0,0.0,10.5,0.0,0.0,0.0,0.0,0.0,,,,,,,,,,
2021-11-02,5.5,0.0,0.0,0.0,12.5,13.0,2.5,22.5,5.5,0.0,0.0,13.5,15.5,3.25,7.5,0.0,14.5,0.0,,,,,,,,,,
2021-11-03,5.5,0.0,0.0,0.0,12.5,23.0,7.5,22.5,5.5,0.0,0.0,13.5,15.5,6.5,0.0,0.0,4.5,7.5,,,,,,,,,,
2021-11-04,0.0,0.0,0.0,0.0,2.5,23.0,2.5,17.5,5.5,0.0,0.0,3.5,15.5,0.0,0.0,0.0,4.5,0.0,,,,,,,,,,
2021-11-05,0.0,0.0,0.0,0.0,2.5,13.0,2.5,17.5,0.0,0.0,0.0,0.0,15.5,0.0,0.0,0.0,4.5,0.0,,,,,,,,,,
2021-11-06,0.0,0.0,0.0,0.0,0.0,13.0,2.5,12.5,0.0,0.0,0.0,0.0,15.5,0.0,0.0,0.0,0.0,0.0,,,,,,,,,,
2021-11-07,0.0,0.0,0.0,0.0,0.0,13.0,2.5,12.5,0.0,0.0,0.0,0.0,10.5,0.0,0.0,0.0,0.0,0.0,,,,,,,,,,
2021-11-08,0.0,0.0,0.0,0.0,0.0,13.0,2.5,12.5,0.0,0.0,0.0,0.0,10.5,0.0,0.0,0.0,0.0,0.0,,,,,,,,,,
2021-11-09,0.0,0.0,0.0,0.0,0.0,13.0,2.5,12.5,0.0,0.0,0.0,0.0,10.5,0.0,0.0,0.0,0.0,0.0,,,,,,,,,,
2021-11-10,10.5,10.5,10.5,16.5,12.5,23.0,12.5,27.5,10.5,11.5,5.5,13.5,20.5,16.5,12.5,7.5,14.5,12.5,,,,,,,,,,
2021-11-11,10.5,10.5,15.5,6.5,12.5,23.0,12.5,27.5,5.5,11.5,0.0,13.5,25.5,16.5,12.5,12.5,19.5,12.5,,,,,,,,,,
2021-11-12,10.5,5.5,10.5,11.5,7.5,23.0,12.5,27.5,10.5,6.5,5.5,13.5,25.5,11.5,12.5,12.5,14.5,12.5,,,,,,,,,,
2021-11-13,10.5,5.5,5.5,6.5,7.5,23.0,12.5,22.5,10.5,0.0,5.5,13.5,20.5,6.5,7.5,7.5,9.5,7.5,,,,,,,,,,
2021-11-14,5.5,0.0,0.0,0.0,7.5,23.0,12.5,22.5,5.5,0.0,0.0,8.5,20.5,6.5,7.5,0.0,9.5,7.5,,,,,,,,,,
2021-11-15,5.5,0.0,0.0,0.0,2.5,23.0,7.5,22.5,5.5,0.0,0.0,8.5,20.5,6.5,0.0,0.0,4.5,0.0,,,,,,,,,,
2021-11-16,5.5,0.0,0.0,0.0,2.5,23.0,7.5,22.5,5.5,0.0,0.0,3.5,20.5,0.0,0.0,0.0,4.5,0.0,,,,,,,,,,
2021-11-17,5.5,0.0,0.0,0.0,2.5,23.0,2.5,22.5,0.0,0.0,0.0,0.0,20.5,0.0,0.0,0.0,4.5,0.0,,,,,,,,,,
2021-11-18,0.0,0.0,0.0,0.0,2.5,23.0,5.0,22.5,0.0,0.0,0.0,0.0,20.5,0.0,0.0,0.0,4.5,0.0,,,,,,,,,,
2021-11-19,5.5,0.0,0.0,0.0,2.5,23.0,7.5,22.5,5.5,0.0,0.0,0.0,20.5,0.0,0.0,0.0,4.5,0.0,,,,,,,,,,
2021-11-20,5.5,0.0,0.0,0.0,2.5,23.0,7.5,22.5,5.5,0.0,0.0,3.5,20.5,6.5,0.0,0.0,4.5,0.0,,,,,,,,,,
2021-11-21,5.5,0.0,0.0,0.0,2.5,23.0,7.5,22.5,5.5,0.0,0.0,8.5,20.5,6.5,0.0,7.5,4.5,0.0,,,,,,,,,,
2021-11-22,5.5,0.0,0.0,0.0,2.5,23.0,7.5,22.5,5.5,0.0,0.0,3.5,20.5,6.5,0.0,7.5,4.5,0.0,,,,,,,,,,
2021-11-23,5.5,0.0,0.0,0.0,2.5,23.0,7.5,22.5,5.5,0.0,0.0,3.5,20.5,6.5,0.0,0.0,4.5,0.0,,,,,,,,,,
2021-11-24,5.5,10.5,10.5,0.0,7.5,23.0,7.5,27.5,10.5,0.0,0.0,8.5,25.5,11.5,0.0,12.5,9.5,0.0,,,,,,,,,,
2021-11-25,5.5,5.5,0.0,0.0,7.5,23.0,7.5,27.5,5.5,0.0,0.0,8.5,25.5,11.5,0.0,12.5,9.5,0.0,,,,,,,,,,
2021-11-26,5.5,5.5,0.0,0.0,7.5,23.0,12.5,27.5,5.5,0.0,0.0,8.5,25.5,11.5,0.0,7.5,9.5,0.0,,,,,,,,,,
2021-11-27,5.5,5.5,0.0,0.0,7.5,23.0,7.5,22.5,5.5,0.0,0.0,8.5,25.5,6.5,0.0,7.5,4.5,0.0,,,,,,,,,,
2021-11-28,5.5,5.5,0.0,0.0,7.5,23.0,7.5,22.5,5.5,0.0,0.0,8.5,25.5,6.5,0.0,7.5,4.5,0.0,,,,,,,,,,
2021-11-29,5.5,0.0,0.0,0.0,2.5,23.0,7.5,22.5,5.5,0.0,0.0,8.5,25.5,6.5,0.0,0.0,4.5,0.0,,,,,,,,,,
2021-11-30,5.5,0.0,0.0,0.0,2.5,23.0,7.5,22.5,5.5,0.0,0.0,3.5,25.5,6.5,0.0,0.0,0.0,0.0,,,,,,,,,,
2021-12-01,5.5,0.0,0.0,0.0,2.5,23.0,7.5,22.5,5.5,0.0,0.0,3.5,25.5,0.0,0.0,0.0,0.0,0.0,,,,,,,,,,
2021-12-02,5.5,0.0,0.0,0.0,2.5,23.0,7.5,22.5,5.5,0.0,0.0,3.5,25.5,0.0,0.0,0.0,0.0,0.0,,,,,,,,,,
2021-12-03,0.0,0.0,0.0,0.0,2.5,23.0,7.5,22.5,5.5,0.0,0.0,3.5,20.5,0.0,0.0,0.0,0.0,0.0,,,,,,,,,,
2021-12-04,0.0,0.0,0.0,0.0,2.5,23.0,7.5,22.5,0.0,0.0,0.0,3.5,20.5,0.0,0.0,0.0,0.0,0.0,,,,,,,,,,
2021-12-05,0.0,0.0,0.0,0.0,2.5,23.0,2.5,22.5,0.0,0.0,0.0,0.0,20.5,0.0,0.0,0.0,0.0,0.0,,,,,,,,,,
2021-12-06,0.0,0.0,0.0,0.0,2.5,23.0,2.5,22.5,0.0,0.0,0.0,3.5,20.5,0.0,0.0,0.0,0.0,0.0,,,,,,,,,,
2021-12-07,5.5,10.5,0.0,0.0,12.5,23.0,12.5,27.5,5.5,6.5,0.0,13.5,25.5,0.0,0.0,0.0,0.0,0.0,,,,,,,,,,
2021-12-08,5.5,10.5,0.0,0.0,2.5,23.0,12.5,27.5,5.5,0.0,0.0,8.5,25.5,6.5,0.0,0.0,4.5,0.0,,,,,,,,,,
2021-12-09,20.5,25.5,0.0,51.5,2.5,43.0,22.5,22.5,5.5,0.0,15.5,3.5,20.5,26.5,0.0,22.5,0.0,0.0,,,,,,,,,,
2021-12-10,50.5,65.5,60.5,66.5,57.5,73.0,52.5,92.5,35.5,66.5,18.83333333333333,73.5,70.5,76.5,57.5,72.5,74.5,52.5,,,,,,,,,,
2021-12-11,55.5,55.5,55.5,61.5,57.5,80.5,57.5,92.5,35.5,61.5,22.166666666666668,68.5,70.5,66.5,52.5,62.5,64.5,52.5,,,,,,,,,,
2021-12-12,50.5,50.5,50.5,56.5,52.5,73.0,52.5,87.5,30.5,56.5,25.5,63.5,65.5,61.5,47.5,57.5,59.5,47.5,,,,,,,,,,
2021-12-13,45.5,45.5,45.5,36.5,47.5,73.0,47.5,82.5,30.5,51.5,25.5,58.5,60.5,56.5,42.5,52.5,54.5,47.5,,,,,,,,,,
2021-12-14,40.5,40.5,45.5,36.5,42.5,63.0,42.5,77.5,30.5,46.5,25.5,53.5,60.5,51.5,42.5,47.5,49.5,32.5,,,,,,,,,,
2021-12-15,40.5,40.5,40.5,41.5,42.5,63.0,47.5,82.5,30.5,46.5,30.5,53.5,60.5,51.5,42.5,47.5,49.5,32.5,,,,,,,,,,
2021-12-16,45.5,50.5,50.5,51.5,52.5,73.0,52.5,82.5,40.5,51.5,40.5,58.5,65.5,66.5,42.5,57.5,59.5,47.5,,,,,,,,,,
2021-12-17,45.5,45.5,45.5,51.5,47.5,63.0,52.5,82.5,40.5,51.5,35.5,58.5,65.5,61.5,42.5,57.5,59.5,42.5,,,,,,,,,,
2021-12-18,45.5,45.5,45.5,46.5,47.5,73.0,42.5,77.5,35.5,51.5,35.5,53.5,65.5,61.5,37.5,52.5,59.5,42.5,,,,,,,,,,
2021-12-19,45.5,45.5,45.5,46.5,47.5,63.0,47.5,77.5,35.5,46.5,35.5,53.5,60.5,56.5,37.5,52.5,54.5,37.5,,,,,,,,,,
2021-12-20,40.5,40.5,45.5,46.5,42.5,63.0,42.5,77.5,35.5,46.5,35.5,53.5,60.5,56.5,37.5,47.5,54.5,37.5,,,,,,,,,,
2021-12-21,40.5,40.5,40.5,41.5,42.5,63.0,42.5,77.5,30.5,46.5,30.5,48.5,60.5,51.5,37.5,47.5,49.5,37.5,,,,,,,,,,
2021-12-22,35.5,40.5,40.5,41.5,37.5,63.0,42.5,72.5,30.5,41.5,30.5,48.5,55.5,51.5,32.5,47.5,49.5,37.5,,,,,,,,,,
2021-12-23,35.5,35.5,35.5,41.5,37.5,53.0,42.5,77.5,30.5,41.5,30.5,43.5,55.5,51.5,32.5,42.5,49.5,37.5,,,,,,,,,,
2021-12-24,90.5,105.5,95.5,96.5,42.5,110.5,87.5,130.0,65.5,106.5,65.5,103.5,60.5,116.5,87.5,107.5,119.5,77.5,,,,,,,,,,
2021-12-25,90.5,90.5,95.5,91.5,92.5,105.5,82.5,130.0,65.5,96.5,65.5,103.5,105.5,111.5,82.5,102.5,109.5,82.5,,,,,,,,,,
2021-12-26,90.5,90.5,90.5,91.5,92.5,105.5,82.5,122.5,65.5,96.5,65.5,103.5,105.5,111.5,82.5,102.5,109.5,82.5,,,,,,,,,,
2021-12-27,90.5,95.5,95.5,96.5,92.5,110.5,92.5,130.0,70.5,96.5,70.5,103.5,110.5,121.5,82.5,112.5,114.5,92.5,,,,,,,,,,
2021-12-28,105.5,105.5,110.5,111.5,107.5,117.5,97.5,140.0,75.5,111.5,85.5,113.5,115.5,139.0,97.5,122.5,127.0,97.5,,,,,,,,,,
2021-12-29,105.5,110.5,120.5,116.5,107.5,117.5,97.5,140.0,75.5,121.5,85.5,126.0,120.5,139.0,102.5,130.0,137.0,97.5,,,,,,,,,,
2021-12-30,110.5,117.5,120.5,129.0,116.33333333333331,117.5,97.5,150.0,85.5,149.0,95.5,126.0,138.0,149.0,112.5,140.0,140.33333333333334,107.5,,,,,,,,,,
2021-12-31,137.0,132.0,148.0,134.0,125.16666666666669,117.5,112.5,170.0,100.5,149.0,105.5,126.0,148.0,149.0,121.25,140.0,143.66666666666666,115.0,,,,,,,,,,
2022-01-01,137.0,132.0,148.0,139.0,134.0,132.0,107.5,170.0,100.5,149.0,105.5,136.0,148.0,149.0,130.0,140.0,147.0,122.5,,,,,,,,,,
2022-01-02,137.0,132.0,138.0,129.0,134.0,132.0,112.5,170.0,95.5,139.0,100.5,136.0,138.0,149.0,122.5,140.0,147.0,117.5,,,,,,,,,,
2022-01-03,137.0,132.0,128.0,121.5,134.0,132.0,107.5,160.0,95.5,129.0,100.5,136.0,138.0,149.0,112.5,150.0,147.0,112.5,,,,,,,,,,
2022-01-04,137.0,132.0,120.5,121.5,119.5,132.0,107.5,160.0,90.5,129.0,95.5,136.0,128.0,149.0,112.5,130.0,147.0,112.5,,,,,,,,,,
2022-01-05,137.0,117.5,115.5,116.5,119.5,117.5,107.5,150.0,90.5,121.5,95.5,136.0,128.0,149.0,107.5,130.0,137.0,112.5,,,,,,,,,,
2022-01-06,137.0,132.0,128.0,121.5,119.5,132.0,112.5,160.0,95.5,129.0,100.5,136.0,138.0,149.0,112.5,140.0,137.0,122.5,,,,,,,,,,
2022-01-07,137.0,132.0,120.5,121.5,119.5,132.0,112.5,160.0,95.5,129.0,100.5,126.0,138.0,139.0,107.5,140.0,137.0,112.5,,,,,,,,,,
2022-01-08,137.0,132.0,138.0,139.0,119.5,132.0,107.5,170.0,100.5,139.0,110.5,126.0,138.0,149.0,122.5,150.0,147.0,122.5,,,,,,,,,,
2022-01-09,137.0,132.0,138.0,129.0,134.0,132.0,134.0,170.0,100.5,129.0,105.5,136.0,138.0,149.0,112.5,140.0,147.0,117.5,,,,,,,,,,
2022-01-10,122.5,132.0,128.0,129.0,134.0,132.0,134.0,160.0,95.5,129.0,100.5,126.0,138.0,139.0,107.5,140.0,137.0,117.5,,,,,,,,,,
2022-01-11,122.5,132.0,128.0,121.5,134.0,132.0,134.0,160.0,95.5,129.0,100.5,126.0,138.0,139.0,107.5,140.0,137.0,112.5,,,,,,,,,,
2022-01-12,122.5,132.0,120.5,116.5,134.0,132.0,107.5,160.0,90.5,121.5,100.5,126.0,128.0,129.0,102.5,130.0,127.0,107.5,,,,,,,,,,
2022-01-13,110.5,132.0,115.5,116.5,134.0,132.0,97.5,150.0,90.5,121.5,95.5,126.0,128.0,129.0,97.5,130.0,127.0,107.5,,,,,,,,,,
2022-01-14,115.5,132.0,110.5,111.5,134.0,132.0,102.5,150.0,90.5,116.5,95.5,118.5,128.0,129.0,97.5,122.5,119.5,102.5,,,,,,,,,,
2022-01-15,115.5,110.5,115.5,111.5,134.0,132.0,102.5,150.0,90.5,116.5,90.5,118.5,128.0,129.0,97.5,122.5,119.5,102.5,,,,,,,,,,
2022-01-16,110.5,110.5,110.5,111.5,134.0,132.0,97.5,140.0,85.5,116.5,90.5,113.5,128.0,129.0,97.5,122.5,119.5,102.5,,,,,,,,,,
2022-01-17,105.5,110.5,110.5,106.5,134.0,132.0,97.5,140.0,85.5,111.5,90.5,108.5,120.5,121.5,97.5,122.5,114.5,97.5,,,,,,,,,,
2022-01-18,105.5,110.5,105.5,106.5,119.5,132.0,97.5,140.0,85.5,111.5,85.5,103.5,120.5,121.5,92.5,117.5,114.5,97.5,,,,,,,,,,
2022-01-19,105.5,105.5,105.5,106.5,119.5,132.0,97.5,130.0,80.5,111.5,85.5,103.5,120.5,121.5,92.5,117.5,114.5,97.5,,,,,,,,,,
2022-01-20,95.5,105.5,105.5,106.5,119.5,132.0,97.5,130.0,80.5,106.5,80.5,108.5,120.5,116.5,92.5,117.5,109.5,97.5,,,,,,,,,,
2022-01-21,100.5,100.5,105.5,106.5,119.5,132.0,97.5,130.0,85.5,106.5,80.5,108.5,120.5,116.5,92.5,117.5,109.5,97.5,,,,,,,,,,
2022-01-22,105.5,105.5,110.5,111.5,119.5,132.0,97.5,140.0,90.5,116.5,85.5,113.5,120.5,121.5,97.5,122.5,119.5,97.5,,,,,,,,,,
2022-01-23,100.5,105.5,110.5,111.5,119.5,132.0,97.5,130.0,85.5,111.5,85.5,103.5,120.5,121.5,92.5,122.5,119.5,97.5,,,,,,,,,,
2022-01-24,100.5,100.5,105.5,111.5,119.5,132.0,97.5,130.0,85.5,111.5,80.5,103.5,120.5,116.5,92.5,117.5,109.5,92.5,,,,,,,,,,
2022-01-25,100.5,100.5,105.5,106.5,119.5,132.0,97.5,130.0,85.5,111.5,75.5,108.5,120.5,111.5,92.5,117.5,114.5,97.5,,,,,,,,,,
2022-01-26,95.5,100.5,105.5,106.5,119.5,132.0,97.5,130.0,85.5,111.5,80.5,108.5,120.5,111.5,92.5,117.5,114.5,97.5,,,,,,,,,,
2022-01-27,95.5,95.5,105.5,106.5,119.5,132.0,97.5,130.0,80.5,111.5,80.5,108.5,120.5,121.5,92.5,117.5,114.5,97.5,,,,,,,,,,
2022-01-28,95.5,100.5,105.5,106.5,119.5,132.0,92.5,130.0,80.5,111.5,80.5,108.5,120.5,116.5,92.5,117.5,109.5,92.5,,,,,,,,,,
2022-01-29,95.5,100.5,105.5,106.5,119.5,132.0,92.5,130.0,80.5,106.5,80.5,103.5,120.5,116.5,92.5,117.5,109.5,92.5,,,,,,,,,,
2022-01-30,95.5,100.5,105.5,106.5,112.5,132.0,92.5,122.5,80.5,106.5,80.5,103.5,115.5,111.5,92.5,117.5,109.5,92.5,,,,,,,,,,
2022-01-31,95.5,100.5,100.5,106.5,112.5,132.0,92.5,122.5,80.5,106.5,80.5,103.5,115.5,111.5,87.5,112.5,109.5,92.5,,,,,,,,,,
2022-02-01,90.5,95.5,100.5,106.5,112.5,132.0,92.5,122.5,75.5,106.5,80.5,103.5,115.5,106.5,87.5,112.5,104.5,92.5,,,,,,,,,,
2022-02-02,90.5,95.5,105.5,106.5,107.5,132.0,97.5,130.0,75.5,106.5,80.5,103.5,115.5,106.5,92.5,117.5,109.5,92.5,,,,,,,,,,
2022-02-03,90.5,95.5,105.5,106.5,112.5,132.0,92.5,130.0,75.5,106.5,80.5,103.5,115.5,111.5,92.5,117.5,109.5,92.5,,,,,,,,,,
2022-02-04,90.5,95.5,105.5,106.5,112.5,132.0,92.5,122.5,80.5,106.5,80.5,103.5,115.5,111.5,92.5,117.5,109.5,92.5,,,,,,,,,,
2022-02-05,95.5,95.5,105.5,106.5,112.5,132.0,92.5,122.5,75.5,106.5,80.5,103.5,115.5,111.5,87.5,112.5,109.5,87.5,,,,,,,,,,
2022-02-06,90.5,95.5,105.5,106.5,112.5,132.0,92.5,122.5,75.5,106.5,75.5,103.5,115.5,111.5,87.5,117.5,109.5,92.5,,,,,,,,,,
2022-02-07,90.5,95.5,105.5,106.5,112.5,132.0,92.5,122.5,75.5,106.5,75.5,103.5,115.5,111.5,87.5,112.5,109.5,87.5,,,,,,,,,,
2022-02-08,95.5,95.5,100.5,106.5,112.5,132.0,92.5,122.5,75.5,106.5,75.5,103.5,115.5,111.5,87.5,112.5,104.5,87.5,,,,,,,,,,
2022-02-09,90.5,95.5,100.5,106.5,112.5,132.0,92.5,117.5,75.5,106.5,70.5,98.5,110.5,106.5,87.5,112.5,104.5,87.5,,,,,,,,,,
2022-02-10,90.5,95.5,100.5,101.5,112.5,132.0,92.5,117.5,75.5,106.5,75.5,98.5,110.5,106.5,87.5,112.5,104.5,87.5,,,,,,,,,,
2022-02-11,90.5,90.5,100.5,101.5,107.5,132.0,92.5,117.5,70.5,106.5,75.5,98.5,110.5,106.5,87.5,112.5,104.5,87.5,,,,,,,,,,
2022-02-12,90.5,90.5,105.5,101.5,102.5,132.0,92.5,122.5,75.5,106.5,75.5,98.5,110.5,106.5,87.5,112.5,104.5,87.5,,,,,,,,,,
2022-02-13,90.5,90.5,100.5,101.5,102.5,132.0,92.5,117.5,70.5,106.5,75.5,98.5,110.5,106.5,87.5,112.5,99.5,87.5,,,,,,,,,,
2022-02-14,85.5,90.5,100.5,101.5,102.5,132.0,87.5,117.5,70.5,101.5,65.5,98.5,110.5,106.5,87.5,112.5,99.5,82.5,,,,,,,,,,
2022-02-15,90.5,90.5,100.5,101.5,102.5,132.0,92.5,117.5,70.5,101.5,75.5,98.5,110.5,106.5,87.5,112.5,99.5,87.5,,,,,,,,,,
2022-02-16,90.5,90.5,105.5,101.5,102.5,132.0,92.5,117.5,75.5,106.5,70.5,98.5,115.5,106.5,87.5,112.5,104.5,87.5,,,,,,,,,,
2022-02-17,90.5,95.5,100.5,106.5,102.5,132.0,92.5,122.5,75.5,106.5,65.5,98.5,115.5,106.5,92.5,117.5,104.5,87.5,,,,,,,,,,
2022-02-18,90.5,95.5,105.5,106.5,102.5,132.0,92.5,122.5,75.5,106.5,75.5,98.5,115.5,111.5,92.5,117.5,104.5,87.5,,,,,,,,,,
2022-02-19,90.5,95.5,105.5,106.5,102.5,132.0,92.5,122.5,70.5,106.5,75.5,98.5,115.5,111.5,87.5,117.5,104.5,87.5,,,,,,,,,,
2022-02-20,85.5,95.5,100.5,101.5,102.5,132.0,92.5,122.5,70.5,106.5,75.5,98.5,115.5,106.5,87.5,112.5,99.5,87.5,,,,,,,,,,
2022-02-21,85.5,95.5,100.5,101.5,102.5,132.0,92.5,117.5,70.5,106.5,75.5,98.5,115.5,106.5,87.5,112.5,99.5,87.5,,,,,,,,,,
2022-02-22,105.5,110.5,128.0,101.5,112.5,132.0,107.5,140.0,85.5,129.0,85.5,98.5,138.0,129.0,102.5,140.0,127.0,102.5,,,,,,,,,,
2022-02-23,115.5,132.0,138.0,139.0,134.0,132.0,112.5,160.0,90.5,149.0,100.5,126.0,148.0,149.0,122.5,160.0,137.0,112.5,,,,,,,,,,
2022-02-24,115.5,132.0,138.0,139.0,134.0,132.0,112.5,160.0,95.5,149.0,100.5,136.0,148.0,149.0,122.5,160.0,147.0,112.5,,,,,,,,,,
2022-02-25,115.5,132.0,138.0,139.0,134.0,132.0,112.5,160.0,95.5,149.0,100.5,136.0,148.0,149.0,122.5,160.0,147.0,112.5,,,,,,,,,,
2022-02-26,115.5,132.0,138.0,139.0,134.0,132.0,107.5,160.0,90.5,139.0,95.5,136.0,148.0,149.0,117.5,150.0,147.0,112.5,,,,,,,,,,
2022-02-27,115.5,132.0,138.0,129.0,134.0,132.0,112.5,160.0,90.5,139.0,95.5,136.0,138.0,139.0,117.5,150.0,137.0,112.5,,,,,,,,,,
2022-02-28,110.5,132.0,128.0,129.0,134.0,132.0,112.5,150.0,90.5,129.0,95.5,136.0,138.0,139.0,112.5,140.0,137.0,112.5,,,,,,,,,,
2022-03-01,110.5,117.5,128.0,121.5,119.5,132.0,112.5,150.0,90.5,129.0,95.5,126.0,138.0,139.0,107.5,140.0,137.0,107.5,,,,,,,,,,
2022-03-02,110.5,117.5,120.5,121.5,112.5,132.0,112.5,150.0,90.5,129.0,95.5,126.0,138.0,129.0,102.5,140.0,127.0,107.5,,,,,,,,,,
2022-03-03,110.5,110.5,120.5,116.5,112.5,132.0,102.5,150.0,90.5,121.5,90.5,118.5,138.0,129.0,102.5,130.0,127.0,102.5,,,,,,,,,,
2022-03-04,105.5,105.5,115.5,116.5,112.5,132.0,102.5,140.0,90.5,121.5,90.5,118.5,138.0,129.0,97.5,130.0,127.0,102.5,,,,,,,,,,
2022-03-05,115.5,132.0,148.0,139.0,134.0,132.0,112.5,170.0,100.5,149.0,105.5,136.0,158.0,129.0,117.5,160.0,147.0,117.5,,,,,,,,,,
2022-03-06,115.5,132.0,148.0,149.0,134.0,132.0,119.5,170.0,105.5,149.0,110.5,136.0,168.0,149.0,122.5,160.0,147.0,122.5,,,,,,,,,,
2022-03-07,122.5,132.0,148.0,149.0,134.0,132.0,119.5,170.0,105.5,159.0,110.5,136.0,168.0,149.0,130.0,170.0,147.0,122.5,,,,,,,,,,
2022-03-08,122.5,132.0,148.0,149.0,134.0,132.0,119.5,170.0,105.5,149.0,105.5,136.0,158.0,149.0,122.5,160.0,147.0,122.5,,,,,,,,,,
2022-03-09,122.5,132.0,148.0,149.0,134.0,132.0,119.5,170.0,105.5,149.0,110.5,136.0,168.0,149.0,122.5,160.0,147.0,130.0,,,,,,,,,,
2022-03-10,137.0,132.0,148.0,149.0,134.0,132.0,134.0,170.0,110.5,159.0,120.5,136.0,168.0,149.0,130.0,170.0,147.0,130.0,,,,,,,,,,
2022-03-11,137.0,132.0,148.0,149.0,134.0,132.0,134.0,170.0,105.5,159.0,110.5,136.0,168.0,149.0,130.0,170.0,147.0,130.0,,,,,,,,,,
2022-03-12,137.0,132.0,148.0,149.0,134.0,132.0,134.0,170.0,110.5,149.0,110.5,136.0,158.0,149.0,122.5,170.0,147.0,122.5,,,,,,,,,,
2022-03-13,122.5,132.0,148.0,139.0,134.0,132.0,112.5,170.0,100.5,149.0,105.5,136.0,158.0,149.0,117.5,160.0,147.0,122.5,,,,,,,,,,
2022-03-14,122.5,132.0,148.0,149.0,134.0,132.0,112.5,170.0,100.5,149.0,110.5,136.0,158.0,149.0,122.5,160.0,147.0,130.0,,,,,,,,,,
2022-03-15,122.5,132.0,148.0,139.0,134.0,132.0,112.5,170.0,105.5,139.0,110.5,126.0,158.0,149.0,117.5,160.0,147.0,122.5,,,,,,,,,,
2022-03-16,122.5,132.0,138.0,139.0,134.0,132.0,112.5,160.0,100.5,139.0,105.5,126.0,158.0,149.0,117.5,150.0,147.0,122.5,,,,,,,,,,
2022-03-17,122.5,132.0,138.0,139.0,134.0,132.0,112.5,160.0,100.5,139.0,105.5,132.66666666666666,158.0,139.0,117.5,150.0,147.0,122.5,,,,,,,,,,
2022-03-18,115.5,132.0,138.0,139.0,134.0,132.0,112.5,160.0,100.5,139.0,105.5,139.33333333333334,158.0,149.0,117.5,150.0,147.0,117.5,,,,,,,,,,
2022-03-19,115.5,132.0,138.0,139.0,134.0,132.0,112.5,160.0,100.5,139.0,105.5,146.0,148.0,149.0,117.5,150.0,147.0,117.5,,,,,,,,,,
2022-03-20,115.5,132.0,138.0,139.0,134.0,132.0,112.5,160.0,100.5,139.0,105.5,136.0,148.0,149.0,117.5,150.0,147.0,117.5,,,,,,,,,,
2022-03-21,115.5,132.0,138.0,129.0,134.0,132.0,112.5,150.0,95.5,139.0,100.5,136.0,148.0,129.0,112.5,150.0,147.0,122.5,,,,,,,,,,
2022-03-22,110.5,132.0,128.0,129.0,134.0,132.0,112.5,150.0,95.5,139.0,100.5,136.0,148.0,134.0,112.5,150.0,137.0,112.5,,,,,,,,,,
2022-03-23,115.5,132.0,138.0,139.0,134.0,132.0,112.5,160.0,100.5,139.0,100.5,136.0,148.0,139.0,117.5,150.0,137.0,117.5,,,,,,,,,,
2022-03-24,110.5,132.0,138.0,139.0,134.0,132.0,112.5,160.0,95.5,139.0,100.5,136.0,148.0,149.0,112.5,150.0,147.0,117.5,,,,,,,,,,
2022-03-25,110.5,117.5,128.0,129.0,119.5,132.0,112.5,150.0,95.5,129.0,100.5,136.0,148.0,139.0,112.5,150.0,137.0,117.5,,,,,,,,,,
2022-03-26,110.5,117.5,128.0,129.0,119.5,132.0,107.5,150.0,95.5,129.0,100.5,136.0,138.0,139.0,107.5,140.0,137.0,112.5,,,,,,,,,,
2022-03-27,105.5,110.5,115.5,121.5,112.5,132.0,102.5,140.0,95.5,121.5,95.5,126.0,138.0,129.0,102.5,130.0,127.0,107.5,,,,,,,,,,
2022-03-28,100.5,105.5,115.5,111.5,112.5,132.0,102.5,140.0,90.5,116.5,95.5,126.0,128.0,129.0,102.5,130.0,127.0,102.5,,,,,,,,,,
2022-03-29,100.5,105.5,120.5,121.5,107.5,132.0,102.5,140.0,95.5,121.5,95.5,126.0,138.0,129.0,102.5,130.0,127.0,107.5,,,,,,,,,,
2022-03-30,100.5,105.5,120.5,121.5,107.5,132.0,107.5,140.0,95.5,121.5,95.5,126.0,138.0,129.0,102.5,130.0,127.0,107.5,,,,,,,,,,
2022-03-31,100.5,105.5,120.5,121.5,112.5,132.0,102.5,140.0,95.5,116.5,95.5,126.0,128.0,129.0,102.5,130.0,127.0,102.5,,,,,,,,,,
2022-04-01,110.5,110.5,128.0,129.0,119.5,132.0,112.5,150.0,100.5,129.0,100.5,126.0,138.0,129.0,107.5,140.0,127.0,112.5,,,,,,,,,,
2022-04-02,110.5,105.5,120.5,121.5,119.5,132.0,112.5,140.0,100.5,116.5,100.5,113.5,138.0,129.0,102.5,130.0,127.0,107.5,,,,,,,,,,
2022-04-03,105.5,105.5,120.5,121.5,119.5,132.0,112.5,140.0,95.5,116.5,100.5,126.0,138.0,129.0,102.5,130.0,127.0,107.5,,,,,,,,,,
2022-04-04,105.5,100.5,120.5,116.5,112.5,132.0,107.5,140.0,95.5,116.5,95.5,126.0,138.0,129.0,97.5,130.0,127.0,102.5,,,,,,,,,,
2022-04-05,110.5,110.5,120.5,121.5,107.5,132.0,112.5,140.0,100.5,121.5,100.5,108.5,138.0,129.0,107.5,130.0,127.0,112.5,,,,,,,,,,
2022-04-06,105.5,110.5,120.5,121.5,112.5,132.0,112.5,140.0,100.5,116.5,100.5,118.5,138.0,129.0,102.5,130.0,127.0,107.5,,,,,,,,,,
2022-04-07,105.5,105.5,120.5,121.5,112.5,132.0,112.5,140.0,95.5,116.5,100.5,118.5,138.0,129.0,102.5,130.0,114.5,107.5,,,,,,,,,,
2022-04-08,105.5,105.5,120.5,121.5,112.5,132.0,112.5,140.0,95.5,116.5,100.5,113.5,128.0,129.0,97.5,130.0,119.5,107.5,,,,,,,,,,
2022-04-09,105.5,100.5,110.5,106.5,112.5,132.0,112.5,130.0,95.5,106.5,95.5,113.5,128.0,121.5,97.5,122.5,109.5,102.5,,,,,,,,,,
2022-04-10,100.5,90.5,105.5,106.5,107.5,132.0,107.5,130.0,95.5,101.5,90.5,108.5,128.0,124.0,92.5,122.5,104.5,97.5,,,,,,,,,,
2022-04-11,105.5,95.5,110.5,106.5,107.5,132.0,107.5,130.0,95.5,101.5,95.5,115.375,128.0,126.5,92.5,117.5,104.5,97.5,,,,,,,,,,
2022-04-12,115.5,110.5,120.5,121.5,119.5,132.0,112.5,140.0,100.5,116.5,105.5,122.25,138.0,129.0,102.5,130.0,109.5,112.5,,,,,,,,,,
2022-04-13,115.5,110.5,120.5,121.5,134.0,132.0,112.5,150.0,105.5,116.5,105.5,129.125,138.0,129.0,102.5,130.0,104.5,112.5,,,,,,,,,,
2022-04-14,115.5,110.5,128.0,121.5,134.0,132.0,112.5,150.0,100.5,116.5,105.5,136.0,138.0,129.0,102.5,130.0,104.5,112.5,,,,,,,,,,
2022-04-15,115.5,110.5,128.0,129.0,134.0,132.0,112.5,150.0,105.5,116.5,115.5,126.0,138.0,129.0,102.5,140.0,127.0,117.5,,,,,,,,,,
2022-04-16,115.5,105.5,128.0,121.5,134.0,132.0,112.5,150.0,100.5,116.5,110.5,136.0,138.0,129.0,102.5,130.0,127.0,112.5,,,,,,,,,,
2022-04-17,115.5,105.5,120.5,121.5,119.5,132.0,112.5,150.0,100.5,116.5,110.5,126.0,138.0,129.0,102.5,130.0,119.5,117.5,,,,,,,,,,
2022-04-18,110.5,100.5,110.5,116.5,112.5,132.0,112.5,140.0,100.5,106.5,105.5,126.0,138.0,116.5,97.5,122.5,114.5,107.5,,,,,,,,,,
2022-04-19,105.5,85.5,100.5,106.5,112.5,132.0,112.5,130.0,95.5,96.5,100.5,113.5,128.0,111.5,92.5,117.5,99.5,102.5,,,,,,,,,,
2022-04-20,100.5,85.5,95.5,101.5,107.5,132.0,107.5,122.5,95.5,91.5,95.5,118.5,120.5,101.5,87.5,107.5,89.5,97.5,,,,,,,,,,
2022-04-21,100.5,75.5,90.5,96.5,102.5,132.0,102.5,117.5,90.5,86.5,95.5,113.5,115.5,91.5,82.5,102.5,84.5,92.5,,,,,,,,,,
2022-04-22,95.5,70.5,100.5,96.5,97.5,132.0,102.5,107.5,90.5,96.5,90.5,103.5,110.5,86.5,77.5,112.5,74.5,92.5,,,,,,,,,,
2022-04-23,115.5,95.5,110.5,111.5,112.5,132.0,112.5,140.0,105.5,106.5,115.5,146.0,138.0,111.5,97.5,122.5,104.5,112.5,,,,,,,,,,
2022-04-24,115.5,95.5,105.5,111.5,112.5,132.0,112.5,130.0,105.5,96.5,110.5,146.0,138.0,104.0,97.5,117.5,109.5,107.5,,,,,,,,,,
2022-04-25,110.5,85.5,95.5,101.5,112.5,132.0,112.5,130.0,105.5,91.5,110.5,136.0,128.0,96.5,87.5,107.5,99.5,107.5,,,,,,,,,,
2022-04-26,110.5,80.5,95.5,96.5,112.5,132.0,112.5,112.5,100.5,86.5,105.5,126.0,128.0,96.5,82.5,102.5,94.5,102.5,,,,,,,,,,
2022-04-27,105.5,70.5,85.5,91.5,102.5,132.0,107.5,112.5,100.5,81.5,100.5,126.0,120.5,86.5,82.5,102.5,89.5,102.5,,,,,,,,,,
2022-04-28,100.5,70.5,80.5,86.5,102.5,132.0,107.5,112.5,95.5,76.5,95.5,118.5,115.5,81.5,77.5,92.5,69.5,97.5,,,,,,,,,,
2022-04-29,95.5,70.5,80.5,86.5,97.5,132.0,102.5,102.5,90.5,71.5,90.5,113.5,115.5,71.5,72.5,82.5,64.5,87.5,,,,,,,,,,
2022-04-30,95.5,60.5,75.5,81.5,97.5,117.5,102.5,102.5,95.5,71.5,95.5,113.5,110.5,71.5,72.5,82.5,74.5,87.5,,,,,,,,,,
2022-05-01,95.5,55.5,70.5,76.5,92.5,117.5,102.5,102.5,95.5,61.5,90.5,113.5,115.5,61.5,67.5,77.5,67.83333333333333,87.5,,,,,,,,,,
2022-05-02,100.5,55.5,75.5,76.5,102.5,117.5,107.5,107.5,100.5,66.5,100.5,118.5,115.5,76.5,67.5,92.5,61.16666666666666,92.5,,,,,,,,,,
2022-05-03,100.5,55.5,70.5,76.5,102.5,117.5,107.5,102.5,95.5,66.5,95.5,113.5,115.5,66.5,62.5,82.5,54.5,87.5,,,,,,,,,,
2022-05-04,95.5,45.5,75.5,76.5,97.5,117.5,102.5,107.5,95.5,66.5,95.5,98.5,115.5,66.5,62.5,82.5,54.5,87.5,,,,,,,,,,
2022-05-05,95.5,40.5,65.5,66.5,97.5,117.5,102.5,102.5,95.5,56.5,95.5,113.5,110.5,56.5,62.5,72.5,54.5,82.5,,,,,,,,,,
2022-05-06,90.5,40.5,55.5,61.5,92.5,117.5,102.5,92.5,90.5,46.5,90.5,103.5,100.5,56.5,52.5,62.5,49.5,82.5,,,,,,,,,,
2022-05-07,85.5,25.5,50.5,51.5,87.5,105.5,97.5,82.5,85.5,46.5,80.5,88.5,100.5,46.5,47.5,57.5,49.5,77.5,,,,,,,,,,
2022-05-08,80.5,25.5,40.5,46.5,82.5,110.5,97.5,77.5,85.5,31.5,75.5,88.5,95.5,41.5,37.5,52.5,39.5,72.5,,,,,,,,,,
2022-05-09,70.5,10.5,30.5,36.5,77.5,100.5,92.5,67.5,80.5,26.5,70.5,83.5,90.5,41.5,32.5,42.5,34.5,67.5,,,,,,,,,,
2022-05-10,70.5,0.0,20.5,31.5,72.5,100.5,92.5,62.5,80.5,6.5,70.5,78.5,80.5,31.5,27.5,32.5,19.5,57.5,,,,,,,,,,
2022-05-11,65.5,0.0,10.5,16.5,62.5,95.5,87.5,57.5,80.5,0.0,60.5,68.5,80.5,26.5,17.5,22.5,0.0,52.5,,,,,,,,,,
2022-05-12,60.5,0.0,0.0,11.5,57.5,90.5,82.5,47.5,70.5,0.0,55.5,73.5,75.5,0.0,12.5,22.5,0.0,52.5,,,,,,,,,,
2022-05-13,60.5,0.0,0.0,0.0,57.5,90.5,82.5,47.5,70.5,0.0,55.5,68.5,70.5,0.0,7.5,17.5,0.0,52.5,,,,,,,,,,
2022-05-14,55.5,0.0,0.0,0.0,52.5,85.5,77.5,37.5,70.5,0.0,55.5,63.5,65.5,0.0,0.0,0.0,0.0,52.5,,,,,,,,,,
2022-05-15,50.5,0.0,0.0,0.0,47.5,80.5,72.5,32.5,70.5,0.0,50.5,48.5,60.5,0.0,0.0,0.0,0.0,42.5,,,,,,,,,,
2022-05-16,45.5,0.0,0.0,0.0,47.5,73.0,82.5,27.5,70.5,0.0,50.5,43.5,60.5,0.0,0.0,0.0,0.0,37.5,,,,,,,,,,
2022-05-17,40.5,0.0,0.0,0.0,32.5,63.0,72.5,22.5,55.5,0.0,40.5,33.5,50.5,0.0,0.0,0.0,0.0,22.5,,,,,,,,,,
2022-05-18,35.5,0.0,0.0,0.0,32.5,63.0,67.5,12.5,50.5,0.0,35.5,28.5,45.5,0.0,0.0,0.0,0.0,17.5,,,,,,,,,,
2022-05-19,25.5,0.0,0.0,0.0,22.5,53.0,57.5,0.0,45.5,0.0,30.5,18.5,40.5,0.0,0.0,0.0,0.0,0.0,,,,,,,,,,
2022-05-20,15.5,0.0,0.0,0.0,17.5,43.0,47.5,0.0,40.5,0.0,30.5,13.5,30.5,0.0,0.0,0.0,0.0,0.0,,,,,,,,,,
2022-05-21,25.5,0.0,0.0,0.0,22.5,53.0,57.5,0.0,45.5,0.0,30.5,18.5,35.5,0.0,0.0,0.0,0.0,7.5,,,,,,,,,,
2022-05-22,20.5,0.0,0.0,0.0,0.0,53.0,57.5,0.0,45.5,0.0,30.5,13.5,30.5,0.0,0.0,0.0,0.0,0.0,,,,,,,,,,
2022-05-23,15.5,0.0,0.0,0.0,0.0,43.0,52.5,0.0,45.5,0.0,25.5,13.5,25.5,0.0,0.0,0.0,0.0,0.0,,,,,,,,,,
2022-05-24,15.5,0.0,0.0,0.0,7.5,43.0,52.5,0.0,40.5,0.0,25.5,13.5,20.5,0.0,0.0,0.0,0.0,0.0,,,,,,,,,,
2022-05-25,15.5,0.0,0.0,0.0,0.0,43.0,47.5,0.0,40.5,0.0,25.5,3.5,20.5,0.0,0.0,0.0,0.0,0.0,,,,,,,,,,
2022-05-26,5.5,0.0,0.0,0.0,0.0,43.0,47.5,0.0,35.5,0.0,20.5,0.0,15.5,0.0,0.0,0.0,0.0,0.0,,,,,,,,,,
2022-05-27,0.0,0.0,0.0,0.0,0.0,33.0,42.5,0.0,35.5,0.0,15.5,0.0,5.5,0.0,0.0,0.0,0.0,0.0,,,,,,,,,,
2022-05-28,0.0,0.0,0.0,0.0,0.0,33.0,32.5,0.0,35.5,0.0,10.5,0.0,0.0,0.0,0.0,0.0,0.0,0.0,,,,,,,,,,
2022-05-29,0.0,0.0,0.0,0.0,0.0,23.0,32.5,0.0,25.5,0.0,10.5,0.0,0.0,0.0,0.0,0.0,0.0,0.0,,,,,,,,,,
2022-05-30,0.0,0.0,0.0,0.0,0.0,33.0,42.5,0.0,30.5,0.0,15.5,0.0,0.0,0.0,0.0,0.0,0.0,7.5,,,,,,,,,,
2022-05-31,0.0,0.0,0.0,0.0,0.0,33.0,37.5,0.0,30.5,0.0,10.5,0.0,0.0,0.0,0.0,0.0,0.0,0.0,,,,,,,,,,
2022-06-01,0.0,0.0,0.0,0.0,0.0,23.0,32.5,0.0,25.5,0.0,5.5,0.0,0.0,0.0,0.0,0.0,0.0,0.0,,,,,,,,,,
2022-06-02,0.0,0.0,0.0,0.0,0.0,23.0,27.5,0.0,25.5,0.0,0.0,0.0,0.0,0.0,0.0,0.0,0.0,0.0,,,,,,,,,,
2022-06-03,0.0,0.0,0.0,0.0,0.0,0.0,32.5,0.0,15.5,0.0,0.0,0.0,0.0,0.0,0.0,0.0,0.0,0.0,,,,,,,,,,
2022-06-04,0.0,0.0,0.0,0.0,0.0,0.0,17.5,0.0,0.0,0.0,0.0,0.0,0.0,0.0,0.0,0.0,0.0,0.0,,,,,,,,,,
2022-06-05,0.0,0.0,0.0,0.0,0.0,0.0,12.5,0.0,0.0,0.0,0.0,0.0,0.0,0.0,0.0,0.0,0.0,0.0,,,,,,,,,,
2022-06-06,0.0,0.0,0.0,0.0,0.0,0.0,7.5,0.0,0.0,0.0,0.0,0.0,0.0,0.0,0.0,0.0,0.0,0.0,,,,,,,,,,
2022-06-07,0.0,0.0,0.0,0.0,0.0,0.0,0.0,0.0,0.0,0.0,0.0,0.0,0.0,0.0,0.0,0.0,0.0,0.0,,,,,,,,,,
2022-06-08,0.0,0.0,0.0,0.0,0.0,0.0,0.0,0.0,0.0,0.0,0.0,0.0,0.0,0.0,0.0,0.0,0.0,0.0,,,,,,,,,,
2022-06-09,0.0,0.0,0.0,0.0,0.0,0.0,0.0,0.0,0.0,0.0,0.0,0.0,0.0,0.0,0.0,0.0,0.0,0.0,,,,,,,,,,
2022-06-10,0.0,0.0,0.0,0.0,0.0,0.0,0.0,0.0,0.0,0.0,0.0,0.0,0.0,0.0,0.0,0.0,0.0,0.0,,,,,,,,,,
2022-06-11,0.0,0.0,0.0,0.0,0.0,0.0,0.0,0.0,0.0,0.0,0.0,0.0,0.0,0.0,0.0,0.0,0.0,0.0,,,,,,,,,,
2022-06-12,0.0,0.0,0.0,0.0,0.0,0.0,0.0,0.0,0.0,0.0,0.0,0.0,0.0,0.0,0.0,0.0,0.0,0.0,,,,,,,,,,
2022-06-13,0.0,0.0,0.0,0.0,0.0,0.0,0.0,0.0,0.0,0.0,0.0,0.0,0.0,0.0,0.0,0.0,0.0,0.0,,,,,,,,,,
2022-06-14,0.0,0.0,0.0,0.0,0.0,0.0,0.0,0.0,0.0,0.0,0.0,0.0,0.0,0.0,0.0,0.0,0.0,0.0,,,,,,,,,,
2022-10-01,0.0,0.0,0.0,0.0,0.0,0.0,0.0,0.0,0.0,0.0,0.0,0.0,0.0,0.0,0.0,0.0,0.0,0.0,0.0,0.0,0.0,0.0,0.0,-0.0,0.0,0.0,0.0,0.0
2022-10-02,0.0,0.0,0.0,0.0,0.0,-0.0,0.0,0.0,0.5,0.0,0.0,0.0,0.0,0.0,0.0,0.0,0.0,0.0,0.0,0.0,0.0,0.0,0.0,-0.0,0.0,0.0,0.0,0.0
2022-10-03,0.0,0.0,0.0,0.0,0.0,-0.0,0.0,0.0,0.5,0.0,0.0,0.0,0.0,0.0,0.0,0.0,0.0,0.0,0.0,0.0,0.0,0.0,0.0,-0.0,0.0,0.0,0.0,0.0
2022-10-04,0.0,0.0,0.0,0.0,0.0,0.0,0.0,0.0,0.5,0.0,0.0,0.0,0.0,0.0,0.0,0.0,0.0,0.0,0.0,0.0,0.0,0.0,0.0,-0.0,0.0,0.0,0.0,0.0
2022-10-05,0.0,0.0,0.0,0.0,0.0,-0.0,0.0,0.0,0.0,0.0,0.0,0.0,0.0,0.0,0.0,0.0,0.0,0.0,0.0,0.0,0.0,0.0,0.0,-0.0,0.0,0.0,0.0,0.0
2022-10-06,0.0,0.0,0.0,0.0,0.0,-0.0,0.0,0.0,0.0,0.0,0.0,0.0,0.0,0.0,0.0,0.0,0.0,0.0,0.0,0.0,0.0,0.0,0.0,-0.0,0.0,0.0,0.0,0.0
2022-10-07,0.0,0.0,0.0,0.0,0.0,-0.0,0.0,0.0,0.0,0.0,0.0,0.0,0.0,0.0,0.0,0.0,0.0,0.0,0.0,0.0,0.0,0.0,0.0,-0.0,0.0,0.0,0.0,0.0
2022-10-08,0.0,0.0,0.0,0.0,0.0,-0.0,0.0,0.0,0.0,0.0,0.0,0.0,0.0,0.0,0.0,0.0,0.0,0.0,0.0,0.0,0.0,0.0,0.0,-0.0,0.0,0.0,0.0,0.0
2022-10-09,0.0,0.0,0.0,0.0,0.0,-0.0,0.0,0.0,0.0,0.0,0.0,0.0,0.0,0.0,0.0,0.0,0.0,0.0,0.0,0.0,0.0,0.0,0.0,-4.5,0.0,0.0,0.0,0.0
2022-10-10,0.0,0.0,0.0,0.0,0.0,-0.0,0.0,0.0,0.0,0.0,0.0,0.0,0.0,0.0,0.0,0.0,0.0,0.0,0.0,0.0,0.0,0.0,0.0,-4.5,0.0,0.0,0.0,0.0
2022-10-11,0.0,0.0,0.0,0.0,0.0,-0.0,0.0,0.0,0.0,0.0,0.0,0.0,0.0,0.0,0.0,0.0,0.0,0.0,0.0,0.0,0.0,0.0,0.0,-4.5,0.0,0.0,0.0,0.0
2022-10-12,0.0,0.0,0.0,0.0,0.0,-0.0,0.0,0.0,0.0,0.0,0.0,0.0,0.0,0.0,0.0,0.0,0.0,0.0,0.0,0.0,0.0,0.0,0.0,-4.5,0.0,0.0,0.0,0.0
2022-10-13,0.0,0.0,0.0,0.0,0.0,-0.0,0.0,0.0,0.0,0.0,0.0,0.0,0.0,0.0,0.0,0.0,0.0,0.0,0.0,0.0,0.0,0.0,0.0,-4.5,0.0,0.0,0.0,0.0
2022-10-14,0.0,0.0,0.0,0.0,0.0,-0.0,0.0,0.0,0.0,0.0,0.0,0.0,0.0,0.0,0.0,0.0,0.0,0.0,0.0,0.0,0.0,0.0,0.0,-4.5,0.0,0.0,0.0,0.0
2022-10-15,0.0,0.0,0.0,0.0,0.0,-0.0,0.0,0.0,0.0,0.0,0.0,0.0,0.0,0.0,0.0,0.0,0.0,0.0,0.0,0.0,0.0,0.0,0.0,-4.5,0.0,0.0,0.0,0.0
2022-10-16,0.0,0.0,0.0,0.0,0.0,-2.0,0.0,0.0,0.0,0.0,0.0,0.0,0.0,0.0,0.0,0.0,0.0,0.0,0.0,0.0,0.0,0.0,0.0,-4.5,0.0,0.0,0.0,0.0
2022-10-17,0.0,0.0,0.0,0.0,0.0,-2.0,0.0,0.0,0.0,0.0,0.0,0.0,0.0,0.0,0.0,0.0,0.0,0.0,0.0,0.0,0.0,0.0,0.0,-4.5,0.0,0.0,0.0,0.0
2022-10-18,0.0,0.0,0.0,0.0,0.0,-2.0,0.0,0.0,0.0,0.0,0.0,0.0,0.0,0.0,0.0,0.0,0.0,0.0,0.0,0.0,0.0,0.0,0.0,-4.5,0.0,0.0,0.0,0.0
2022-10-19,0.0,0.0,0.0,0.0,0.0,-0.0,0.0,0.0,0.0,0.0,0.0,0.0,0.0,0.0,0.0,0.0,0.0,0.0,0.0,0.0,0.0,0.0,0.0,-0.0,0.0,0.0,0.0,0.0
2022-10-20,0.0,0.0,0.0,0.0,0.0,-0.0,0.0,0.0,0.0,0.0,0.0,0.0,0.0,0.0,0.0,0.0,0.0,0.0,0.0,0.0,0.0,0.0,0.0,-0.0,0.0,0.0,0.0,0.0
2022-10-21,0.0,0.0,0.0,0.0,0.0,-0.0,0.0,0.0,0.0,0.0,0.0,0.0,0.0,0.0,0.0,0.0,0.0,0.0,0.0,0.0,0.0,0.0,0.0,-0.0,0.0,0.0,0.0,0.0
2022-10-22,0.0,0.0,0.0,0.0,0.0,-0.0,0.0,0.0,0.0,0.0,0.0,0.0,0.0,0.0,0.0,0.0,0.0,0.0,0.0,0.0,0.0,0.0,0.0,-0.0,0.0,0.0,0.0,0.0
2022-10-23,5.5,5.5,5.166666666666667,0.0,0.0,4.666666666666667,0.0,5.5,5.5,15.5,0.0,0.0,0.0,0.0,10.5,0.0,15.5,10.5,7.625,15.5,5.166666666666667,0.0,0.0,5.5,0.0,0.0,10.5,0.0
2022-10-24,5.5,5.5,10.333333333333334,30.5,0.0,11.333333333333334,0.0,15.5,5.5,15.5,5.5,0.0,10.5,0.0,10.5,15.5,15.5,10.5,15.25,15.5,10.333333333333334,5.5,0.0,5.5,0.0,15.5,10.5,10.5
2022-10-25,10.5,5.5,15.5,35.5,0.0,18.0,0.0,25.5,5.5,15.5,5.5,0.0,10.5,0.0,10.5,20.5,20.5,10.5,22.875,15.5,15.5,5.5,0.0,5.5,0.0,15.5,15.5,10.5
2022-10-26,20.5,20.5,20.5,35.5,0.0,28.0,0.0,35.5,5.5,20.5,5.5,0.0,10.5,0.0,15.5,25.5,25.5,20.5,25.5,20.5,25.5,10.5,0.0,20.5,0.0,15.5,25.5,10.5
2022-10-27,20.5,20.5,20.5,35.5,25.5,28.0,15.5,35.5,15.5,20.5,20.5,25.5,20.5,20.5,15.5,25.5,25.5,20.5,25.5,20.5,25.5,10.5,5.5,20.5,20.5,20.5,25.5,25.5
2022-10-28,20.5,20.5,20.5,35.5,25.5,28.0,15.5,35.5,15.5,20.5,20.5,25.5,20.5,20.5,15.5,25.5,25.5,20.5,25.5,20.5,25.5,10.5,5.5,20.5,20.5,20.5,25.5,25.5
2022-10-29,20.5,15.5,20.5,30.5,25.5,28.0,15.5,35.5,15.5,15.5,20.5,25.5,20.5,20.5,15.5,25.5,25.5,20.5,20.5,15.5,15.5,10.5,5.5,15.5,20.5,20.5,20.5,25.5
2022-10-30,15.5,15.5,20.5,25.5,20.5,28.0,15.5,35.5,10.5,10.5,15.5,20.5,15.5,15.5,10.5,20.5,20.5,20.5,15.5,10.5,15.5,10.5,5.5,10.5,15.5,15.5,20.5,25.5
2022-10-31,15.5,10.5,10.5,20.5,20.5,28.0,15.5,30.5,10.5,10.5,15.5,15.5,15.5,10.5,5.5,20.5,20.5,15.5,15.5,5.5,15.5,5.5,5.5,10.5,15.5,15.5,20.5,20.5
2022-11-01,15.5,10.5,10.5,20.5,20.5,28.0,15.5,30.5,10.5,10.5,15.5,15.5,15.5,10.5,5.5,20.5,20.5,15.5,15.5,5.5,15.5,5.5,5.5,10.5,15.5,15.5,20.5,20.5
2022-11-02,15.5,10.5,10.5,20.5,20.5,28.0,15.5,30.5,10.5,10.5,15.5,15.5,15.5,10.5,5.5,20.5,20.5,15.5,15.5,5.5,15.5,5.5,5.5,10.5,15.5,15.5,20.5,20.5
2022-11-03,20.5,20.5,25.5,25.5,25.5,28.0,15.5,35.5,15.5,20.5,15.5,25.5,25.5,20.5,15.5,30.5,30.5,20.5,25.5,20.5,20.5,15.5,5.5,15.5,20.5,25.5,20.5,30.5
2022-11-04,20.5,20.5,25.5,25.5,25.5,28.0,20.5,35.5,15.5,20.5,20.5,25.5,25.5,20.5,15.5,30.5,30.5,20.5,25.5,20.5,20.5,15.5,5.5,15.5,20.5,25.5,20.5,30.5
2022-11-05,20.5,20.5,25.5,25.5,25.5,28.0,20.5,35.5,15.5,20.5,20.5,25.5,25.5,20.5,15.5,30.5,30.5,20.5,25.5,20.5,20.5,15.5,5.5,15.5,20.5,25.5,20.5,30.5
2022-11-06,20.5,20.5,20.5,20.5,25.5,28.0,20.5,35.5,15.5,20.5,20.5,25.5,25.5,20.5,15.5,30.5,25.5,20.5,25.5,15.5,20.5,15.5,5.5,15.5,15.5,25.5,20.5,30.5
2022-11-07,20.5,15.5,20.5,15.5,25.5,28.0,20.5,35.5,15.5,20.5,15.5,25.5,25.5,20.5,10.5,25.5,25.5,20.5,25.5,15.5,15.5,15.5,5.5,15.5,15.5,25.5,20.5,30.5
2022-11-08,20.5,15.5,20.5,15.5,25.5,28.0,20.5,35.5,15.5,15.5,15.5,20.5,25.5,20.5,10.5,25.5,25.5,15.5,25.5,15.5,15.5,15.5,5.5,15.5,15.5,25.5,20.5,30.5
2022-11-09,20.5,15.5,20.5,15.5,25.5,28.0,20.5,35.5,15.5,15.5,15.5,20.5,25.5,20.5,10.5,25.5,25.5,15.5,25.5,15.5,15.5,15.5,5.5,15.5,15.5,25.5,20.5,30.5
2022-11-10,20.5,20.5,20.5,15.5,25.5,38.0,20.5,35.5,15.5,15.5,15.5,20.5,25.5,20.5,10.5,30.5,25.5,15.5,25.5,15.5,20.5,15.5,5.5,15.5,15.5,25.5,20.5,30.5
2022-11-11,20.5,20.5,20.5,15.5,25.5,38.0,20.5,35.5,15.5,15.5,15.5,20.5,25.5,20.5,10.5,30.5,25.5,15.5,25.5,15.5,20.5,15.5,5.5,15.5,15.5,25.5,20.5,30.5
2022-11-12,20.5,20.5,20.5,15.5,25.5,38.0,20.5,35.5,15.5,15.5,15.5,20.5,25.5,20.5,10.5,30.5,25.5,15.5,25.5,15.5,20.5,15.5,5.5,15.5,15.5,25.5,20.5,30.5
2022-11-13,20.5,15.5,20.5,15.5,25.5,28.0,20.5,30.5,10.5,15.5,15.5,20.5,25.5,20.5,10.5,30.5,25.5,10.5,25.5,15.5,20.5,15.5,5.5,15.5,15.5,25.5,20.5,30.5
2022-11-14,20.5,15.5,20.5,15.5,25.5,28.0,20.5,30.5,10.5,15.5,15.5,20.5,25.5,20.5,10.5,30.5,25.5,10.5,25.5,15.5,20.5,15.5,5.5,15.5,15.5,20.5,20.5,30.5
2022-11-15,20.5,15.5,20.5,15.5,25.5,28.0,15.5,30.5,10.5,15.5,15.5,15.5,25.5,20.5,10.5,30.5,25.5,10.5,25.5,15.5,20.5,15.5,5.5,15.5,15.5,20.5,20.5,30.5
2022-11-16,20.5,15.5,20.5,15.5,25.5,28.0,15.5,30.5,10.5,15.5,15.5,15.5,25.5,20.5,10.5,25.5,25.5,10.5,25.5,15.5,20.5,15.5,5.5,15.5,15.5,20.5,20.5,30.5
2022-11-17,20.5,15.5,20.5,15.5,25.5,28.0,15.5,30.5,10.5,15.5,15.5,15.5,25.5,20.5,10.5,25.5,25.5,10.5,25.5,15.5,20.5,15.5,5.5,15.5,15.5,20.5,20.5,30.5
2022-11-18,20.5,15.5,20.5,15.5,25.5,28.0,15.5,30.5,10.5,15.5,15.5,15.5,25.5,20.5,10.5,25.5,25.5,10.5,25.5,15.5,20.5,15.5,5.5,15.5,15.5,20.5,15.5,30.5
2022-11-19,20.5,15.5,20.5,15.5,20.5,28.0,15.5,30.5,10.5,15.5,15.5,15.5,25.5,20.5,10.5,25.5,25.5,10.5,25.5,15.5,15.5,15.5,0.0,15.5,15.5,20.5,15.5,30.5
2022-11-20,20.5,15.5,20.5,15.5,20.5,28.0,15.5,30.5,10.5,15.5,15.5,15.5,25.5,20.5,10.5,25.5,25.5,10.5,25.5,10.5,15.5,15.5,0.0,15.5,10.5,20.5,15.5,30.5
2022-11-21,15.5,15.5,20.5,15.5,20.5,28.0,15.5,30.5,10.5,15.5,15.5,20.5,25.5,20.5,10.5,25.5,25.5,10.5,25.5,10.5,15.5,15.5,0.0,10.5,10.5,20.5,15.5,30.5
2022-11-22,15.5,15.5,20.5,15.5,20.5,28.0,15.5,30.5,10.5,15.5,15.5,20.5,25.5,20.5,10.5,25.5,25.5,10.5,25.5,10.5,15.5,15.5,0.0,10.5,10.5,20.5,15.5,30.5
2022-11-23,15.5,15.5,20.5,15.5,20.5,28.0,15.5,30.5,5.5,15.5,15.5,20.5,25.5,20.5,10.5,25.5,25.5,10.5,25.5,10.5,15.5,15.5,0.0,10.5,10.5,20.5,5.5,25.5
2022-11-24,15.5,15.5,20.5,15.5,20.5,28.0,15.5,30.5,5.5,15.5,15.5,15.5,25.5,20.5,5.5,25.5,25.5,10.5,25.5,10.5,15.5,15.5,0.0,10.5,10.5,20.5,5.5,25.5
2022-11-25,15.5,15.5,20.5,15.5,20.5,28.0,15.5,30.5,5.5,15.5,15.5,15.5,25.5,20.5,5.5,25.5,25.5,10.5,25.5,10.5,15.5,15.5,0.0,10.5,10.5,15.5,5.5,25.5
2022-11-26,15.5,15.5,20.5,5.5,20.5,28.0,15.5,30.5,5.5,15.5,15.5,15.5,25.5,20.5,0.0,25.5,25.5,10.5,12.75,10.5,15.5,15.5,0.0,10.5,10.5,15.5,5.5,25.5
2022-11-27,15.5,15.5,20.5,5.5,20.5,28.0,15.5,30.5,10.5,15.5,15.5,15.5,25.5,20.5,0.0,25.5,25.5,10.5,12.75,10.5,15.5,15.5,0.0,10.5,10.5,20.5,10.5,25.5
2022-11-28,15.5,15.5,38.0,5.5,20.5,28.0,20.5,30.5,10.5,15.5,15.5,15.5,25.5,20.5,0.0,25.5,25.5,15.5,12.75,10.5,15.5,15.5,0.0,10.5,10.5,20.5,10.5,25.5
2022-11-29,40.5,40.5,50.5,45.5,50.5,48.0,35.5,55.5,20.5,40.5,30.5,40.5,40.5,50.5,30.5,50.5,55.5,30.5,55.5,40.5,50.5,35.5,10.5,35.5,35.5,40.5,30.5,50.5
2022-11-30,40.5,40.5,50.5,45.5,50.5,48.0,35.5,55.5,20.5,40.5,30.5,40.5,40.5,50.5,30.5,50.5,55.5,30.5,55.5,40.5,50.5,35.5,15.5,35.5,35.5,40.5,30.5,50.5
2022-12-01,40.5,40.5,50.5,45.5,50.5,48.0,40.5,55.5,20.5,40.5,33.0,40.5,40.5,50.5,30.5,50.5,55.5,30.5,55.5,40.5,50.5,35.5,15.5,35.5,35.5,40.5,30.5,50.5
2022-12-02,50.5,45.5,50.5,50.5,55.5,48.0,45.5,55.5,30.5,45.5,35.5,40.5,40.5,55.5,35.5,55.5,60.5,40.5,60.5,45.5,60.5,35.5,20.5,35.5,35.5,50.5,45.5,55.5
2022-12-03,50.5,45.5,50.5,50.5,55.5,48.0,45.5,55.5,30.5,45.5,40.5,45.5,50.5,55.5,35.5,55.5,60.5,40.5,60.5,45.5,60.5,35.5,20.5,40.5,40.5,50.5,45.5,55.5
2022-12-04,50.5,45.5,50.5,50.5,55.5,48.0,45.5,55.5,35.5,45.5,40.5,50.5,50.5,55.5,35.5,55.5,60.5,40.5,60.5,45.5,60.5,40.5,20.5,40.5,40.5,50.5,45.5,55.5
2022-12-05,50.5,45.5,50.5,50.5,55.5,48.0,45.5,60.5,35.5,50.5,45.5,55.5,50.5,60.5,35.5,60.5,60.5,45.5,60.5,50.5,60.5,40.5,25.5,40.5,45.5,50.5,45.5,60.5
2022-12-06,60.5,65.5,75.5,70.5,75.5,68.0,60.5,75.5,40.5,70.5,55.5,70.5,70.5,80.5,55.5,80.5,80.5,55.5,80.5,70.5,80.5,65.5,35.5,60.5,55.5,65.5,60.5,75.5
2022-12-07,60.5,65.5,75.5,70.5,75.5,68.0,60.5,80.5,45.5,70.5,55.5,70.5,70.5,80.5,55.5,80.5,90.5,60.5,85.5,70.5,80.5,65.5,35.5,60.5,60.5,65.5,60.5,80.5
2022-12-08,65.5,65.5,75.5,70.5,75.5,68.0,60.5,80.5,45.5,70.5,55.5,70.5,70.5,80.5,55.5,80.5,90.5,60.5,85.5,70.5,80.5,65.5,35.5,60.5,60.5,65.5,60.5,80.5
2022-12-09,65.5,65.5,75.5,70.5,75.5,68.0,60.5,80.5,45.5,70.5,55.5,70.5,70.5,80.5,55.5,80.5,90.5,60.5,85.5,70.5,80.5,65.5,35.5,60.5,60.5,65.5,55.5,80.5
2022-12-10,65.5,60.5,70.5,70.5,70.5,68.0,55.5,75.5,40.5,70.5,55.5,70.5,65.5,80.5,50.5,80.5,80.5,55.5,80.5,70.5,70.5,60.5,35.5,60.5,55.5,65.5,55.5,80.5
2022-12-11,60.5,60.5,70.5,65.5,70.5,68.0,55.5,75.5,40.5,60.5,55.5,65.5,65.5,75.5,50.5,75.5,80.5,55.5,75.5,65.5,70.5,55.5,35.5,55.5,55.5,60.5,55.5,80.5
2022-12-12,60.5,55.5,65.5,65.5,65.5,58.0,55.5,70.5,40.5,60.5,50.5,65.5,65.5,70.5,50.5,75.5,80.5,55.5,75.5,60.5,70.5,55.5,35.5,55.5,55.5,55.5,55.5,75.5
2022-12-13,60.5,55.5,65.5,65.5,65.5,58.0,55.5,70.5,40.5,60.5,50.5,65.5,65.5,70.5,50.5,75.5,80.5,55.5,75.5,60.5,70.5,55.5,35.5,55.5,50.5,55.5,50.5,70.5
2022-12-14,60.5,55.5,65.5,65.5,65.5,58.0,55.5,70.5,40.5,60.5,50.5,65.5,65.5,70.5,50.5,75.5,80.5,55.5,75.5,60.5,70.5,55.5,35.5,55.5,50.5,55.5,50.5,70.5
2022-12-15,60.5,55.5,65.5,65.5,65.5,58.0,55.5,70.5,40.5,60.5,50.5,65.5,65.5,70.5,50.5,70.5,80.5,50.5,75.5,60.5,70.5,55.5,35.5,55.5,50.5,55.5,50.5,70.5
2022-12-16,60.5,55.5,65.5,60.5,65.5,58.0,55.5,70.5,40.5,60.5,50.5,65.5,60.5,70.5,50.5,70.5,80.5,50.5,75.5,60.5,70.5,55.5,30.5,50.5,50.5,55.5,50.5,70.5
2022-12-17,60.5,55.5,65.5,60.5,65.5,58.0,55.5,70.5,40.5,60.5,55.5,60.5,60.5,70.5,50.5,70.5,75.5,50.5,75.5,60.5,70.5,55.5,30.5,50.5,50.5,55.5,50.5,70.5
2022-12-18,60.5,55.5,65.5,60.5,65.5,58.0,55.5,70.5,40.5,55.5,55.5,60.5,60.5,65.5,45.5,70.5,75.5,40.5,70.5,60.5,70.5,55.5,30.5,50.5,45.5,55.5,50.5,70.5
2022-12-19,55.5,55.5,65.5,60.5,65.5,58.0,55.5,70.5,40.5,55.5,55.5,60.5,60.5,65.5,45.5,70.5,75.5,40.5,70.5,60.5,70.5,55.5,30.5,50.5,45.5,55.5,50.5,70.5
2022-12-20,55.5,55.5,65.5,60.5,65.5,58.0,55.5,70.5,40.5,55.5,55.5,60.5,60.5,65.5,45.5,70.5,75.5,40.5,70.5,60.5,70.5,55.5,30.5,50.5,45.5,55.5,50.5,70.5
2022-12-21,55.5,55.5,70.5,60.5,65.5,58.0,55.5,70.5,40.5,55.5,50.5,60.5,60.5,65.5,50.5,70.5,75.5,45.5,70.5,60.5,70.5,55.5,30.5,50.5,45.5,55.5,50.5,70.5
2022-12-22,65.5,60.5,70.5,70.5,70.5,68.0,60.5,75.5,45.5,65.5,50.5,65.5,70.5,85.5,50.5,80.5,80.5,55.5,80.5,65.5,80.5,60.5,30.5,55.5,50.5,60.5,55.5,75.5
2022-12-23,65.5,60.5,70.5,70.5,70.5,68.0,60.5,75.5,45.5,65.5,50.5,65.5,70.5,85.5,50.5,80.5,80.5,55.5,80.5,65.5,80.5,60.5,30.5,55.5,50.5,60.5,55.5,75.5
2022-12-24,65.5,60.5,70.5,70.5,70.5,68.0,60.5,75.5,45.5,65.5,50.5,65.5,70.5,85.5,50.5,80.5,80.5,55.5,80.5,65.5,80.5,60.5,30.5,55.5,50.5,60.5,55.5,75.5
2022-12-25,60.5,60.5,70.5,70.5,65.5,68.0,60.5,75.5,45.5,65.5,50.5,65.5,70.5,80.5,50.5,80.5,75.5,55.5,80.5,65.5,80.5,60.5,30.5,50.5,50.5,60.5,55.5,75.5
2022-12-26,60.5,60.5,70.5,70.5,65.5,68.0,60.5,75.5,45.5,65.5,50.5,65.5,70.5,80.5,50.5,80.5,75.5,55.5,80.5,65.5,80.5,60.5,30.5,50.5,50.5,60.5,55.5,75.5
2022-12-27,60.5,60.5,70.5,70.5,65.5,68.0,60.5,75.5,45.5,65.5,50.5,65.5,70.5,80.5,50.5,80.5,75.5,55.5,80.5,65.5,80.5,60.5,30.5,50.5,50.5,60.5,55.5,75.5
2022-12-28,80.5,75.5,90.5,90.5,95.5,80.5,65.5,90.5,55.5,85.5,70.5,85.5,90.5,100.5,70.5,100.5,95.5,70.5,100.5,80.5,100.5,75.5,35.5,75.5,70.5,85.5,65.5,95.5
2022-12-29,85.5,85.5,95.5,95.5,95.5,85.5,70.5,100.5,55.5,95.5,70.5,90.5,90.5,105.5,75.5,105.5,105.5,70.5,110.5,90.5,105.5,85.5,40.5,75.5,75.5,85.5,70.5,100.5
2022-12-30,85.5,85.5,95.5,95.5,95.5,90.5,70.5,100.5,55.5,95.5,75.5,90.5,90.5,105.5,75.5,110.5,105.5,70.5,110.5,90.5,105.5,85.5,40.5,75.5,80.5,85.5,75.5,100.5
2022-12-31,95.5,95.5,115.5,110.5,105.5,100.5,85.5,110.5,65.5,110.5,85.5,110.5,100.5,120.5,90.5,120.5,120.5,85.5,128.0,110.5,120.5,100.5,50.5,90.5,95.5,95.5,85.5,115.5
2023-01-01,105.5,100.5,128.0,128.0,120.5,112.5,95.5,128.0,75.5,120.5,100.5,120.5,120.5,128.0,94.25,128.0,128.0,100.5,138.0,120.5,128.0,110.5,60.5,95.5,100.5,110.5,95.5,128.0
2023-01-02,105.5,100.5,128.0,128.0,120.5,112.5,95.5,128.0,75.5,120.5,100.5,120.5,120.5,128.0,98.0,128.0,128.0,100.5,138.0,120.5,128.0,110.5,60.5,100.5,100.5,110.5,95.5,128.0
2023-01-03,105.5,100.5,128.0,128.0,120.5,112.5,95.5,128.0,75.5,120.5,105.5,120.5,120.5,128.0,100.5,128.0,138.0,100.5,138.0,128.0,128.0,110.5,65.5,100.5,100.5,110.5,100.5,138.0
2023-01-04,105.5,100.5,128.0,128.0,120.5,112.5,95.5,128.0,75.5,120.5,105.5,120.5,120.5,128.0,100.5,128.0,138.0,95.5,138.0,128.0,128.0,110.5,65.5,100.5,100.5,110.5,100.5,138.0
2023-01-05,110.5,100.5,128.0,128.0,120.5,112.5,95.5,128.0,75.5,120.5,105.5,120.5,120.5,128.0,101.75,133.0,138.0,95.5,138.0,128.0,128.0,115.5,65.5,100.5,100.5,110.5,100.5,138.0
2023-01-06,110.5,100.5,128.0,128.0,120.5,127.0,95.5,128.0,75.5,120.5,110.5,128.0,120.5,128.0,101.75,133.0,138.0,95.5,138.0,128.0,128.0,115.5,65.5,100.5,100.5,110.5,105.5,138.0
2023-01-07,115.5,105.5,128.0,128.0,128.0,127.0,105.5,138.0,85.5,120.5,110.5,128.0,120.5,133.0,105.5,133.0,138.0,105.5,138.0,128.0,128.0,120.5,70.5,100.5,105.5,110.5,105.5,138.0
2023-01-08,115.5,105.5,128.0,128.0,128.0,127.0,105.5,138.0,85.5,124.25,110.5,128.0,120.5,133.0,105.5,133.0,138.0,105.5,138.0,128.0,128.0,120.5,70.5,100.5,105.5,110.5,105.5,138.0
2023-01-09,115.5,105.5,128.0,128.0,128.0,127.0,105.5,138.0,85.5,124.25,110.5,128.0,120.5,138.0,105.5,138.0,138.0,105.5,138.0,128.0,128.0,120.5,75.5,105.5,105.5,110.5,105.5,138.0
2023-01-10,120.5,128.0,138.0,138.0,138.0,127.0,105.5,148.0,95.5,128.0,120.5,138.0,128.0,138.0,115.5,138.0,138.0,115.5,148.0,128.0,138.0,128.0,80.5,127.0,115.5,110.5,110.5,148.0
2023-01-11,120.5,128.0,138.0,138.0,138.0,127.0,105.5,148.0,100.5,128.0,120.5,138.0,138.0,148.0,115.5,138.0,148.0,115.5,148.0,138.0,138.0,128.0,85.5,127.0,115.5,110.5,110.5,148.0
2023-01-12,120.5,128.0,138.0,138.0,138.0,127.0,105.5,148.0,100.5,128.0,120.5,138.0,138.0,148.0,115.5,138.0,148.0,115.5,148.0,138.0,138.0,128.0,85.5,127.0,115.5,115.5,110.5,148.0
2023-01-13,115.5,120.5,138.0,128.0,138.0,127.0,100.5,148.0,100.5,128.0,120.5,138.0,138.0,148.0,110.5,138.0,148.0,110.5,148.0,138.0,138.0,128.0,85.5,127.0,115.5,115.5,110.5,148.0
2023-01-14,115.5,120.5,138.0,128.0,138.0,127.0,100.5,148.0,100.5,128.0,120.5,128.0,138.0,138.0,110.5,138.0,148.0,110.5,143.0,138.0,138.0,128.0,85.5,127.0,115.5,115.5,110.5,148.0
2023-01-15,115.5,120.5,138.0,128.0,138.0,127.0,100.5,148.0,100.5,128.0,128.0,128.0,138.0,138.0,110.5,138.0,148.0,110.5,143.0,138.0,138.0,128.0,85.5,127.0,115.5,137.0,110.5,148.0
2023-01-16,128.0,138.0,148.0,148.0,158.0,127.0,115.5,158.0,100.5,148.0,138.0,128.0,148.0,138.0,128.0,158.0,148.0,115.5,143.0,148.0,158.0,138.0,85.5,127.0,128.0,137.0,115.5,168.0
2023-01-17,138.0,138.0,160.0,148.0,158.0,127.0,115.5,158.0,110.5,148.0,138.0,148.0,158.0,128.0,138.0,168.0,160.0,115.5,148.0,148.0,168.0,148.0,95.5,127.0,128.0,137.0,137.0,168.0
2023-01-18,138.0,138.0,160.0,148.0,158.0,127.0,115.5,158.0,110.5,148.0,138.0,148.0,158.0,128.0,138.0,168.0,160.0,115.5,153.0,148.0,168.0,148.0,95.5,127.0,128.0,137.0,137.0,168.0
2023-01-19,138.0,138.0,160.0,148.0,158.0,127.0,115.5,158.0,110.5,148.0,138.0,148.0,158.0,128.0,138.0,168.0,160.0,115.5,158.0,148.0,168.0,148.0,95.5,127.0,128.0,137.0,137.0,164.66666666666666
2023-01-20,128.0,138.0,148.0,148.0,148.0,127.0,115.5,148.0,105.5,148.0,138.0,148.0,148.0,134.66666666666666,128.0,158.0,160.0,110.5,158.0,148.0,158.0,138.0,90.5,127.0,120.5,137.0,137.0,164.66666666666666
2023-01-21,128.0,138.0,148.0,148.0,148.0,127.0,115.5,148.0,105.5,138.0,138.0,148.0,148.0,141.33333333333334,128.0,158.0,160.0,110.5,158.0,148.0,158.0,138.0,90.5,127.0,120.5,137.0,137.0,161.33333333333334
2023-01-22,128.0,128.0,148.0,138.0,148.0,127.0,110.5,148.0,105.5,138.0,138.0,148.0,148.0,148.0,128.0,158.0,160.0,110.5,158.0,148.0,158.0,138.0,85.5,127.0,120.5,137.0,137.0,158.0
2023-01-23,128.0,128.0,138.0,138.0,138.0,127.0,110.5,148.0,105.5,138.0,138.0,148.0,138.0,148.0,120.5,148.0,160.0,110.5,158.0,138.0,148.0,128.0,85.5,127.0,115.5,137.0,123.75,148.0
2023-01-24,128.0,128.0,138.0,138.0,138.0,127.0,110.5,148.0,100.5,128.0,138.0,148.0,138.0,148.0,120.5,148.0,148.0,110.5,158.0,138.0,148.0,128.0,85.5,127.0,115.5,137.0,110.5,148.0
2023-01-25,128.0,128.0,138.0,138.0,138.0,127.0,105.5,148.0,100.5,128.0,138.0,138.0,138.0,148.0,120.5,148.0,148.0,110.5,158.0,138.0,148.0,128.0,85.5,127.0,115.5,137.0,110.5,148.0
2023-01-26,128.0,128.0,138.0,138.0,138.0,127.0,105.5,148.0,100.5,128.0,138.0,138.0,138.0,148.0,120.5,148.0,148.0,110.5,158.0,138.0,148.0,128.0,85.5,127.0,115.5,137.0,110.5,148.0
2023-01-27,128.0,128.0,138.0,138.0,138.0,127.0,105.5,148.0,100.5,128.0,138.0,138.0,138.0,148.0,120.5,148.0,148.0,110.5,158.0,148.0,148.0,128.0,85.5,127.0,115.5,137.0,110.5,148.0
2023-01-28,138.0,138.0,148.0,148.0,148.0,127.0,105.5,148.0,110.5,148.0,138.0,138.0,148.0,148.0,120.5,158.0,148.0,128.0,158.0,148.0,148.0,138.0,90.5,127.0,128.0,137.0,110.5,168.0
2023-01-29,138.0,138.0,148.0,148.0,148.0,127.0,105.5,158.0,110.5,148.0,138.0,138.0,158.0,148.0,120.5,158.0,148.0,128.0,168.0,148.0,158.0,138.0,90.5,127.0,128.0,137.0,115.5,168.0
2023-01-30,138.0,138.0,148.0,148.0,148.0,127.0,105.5,158.0,110.5,148.0,138.0,138.0,158.0,148.0,128.0,158.0,148.0,128.0,168.0,148.0,158.0,138.0,90.5,127.0,128.0,137.0,115.5,168.0
2023-01-31,138.0,138.0,148.0,148.0,148.0,127.0,110.5,158.0,110.5,148.0,138.0,138.0,158.0,148.0,128.0,158.0,160.0,128.0,168.0,148.0,158.0,138.0,90.5,127.0,128.0,137.0,122.5,168.0
2023-02-01,138.0,138.0,148.0,148.0,148.0,127.0,110.5,158.0,110.5,148.0,138.0,138.0,148.0,148.0,128.0,158.0,160.0,128.0,168.0,148.0,158.0,138.0,85.5,127.0,128.0,137.0,122.5,168.0
2023-02-02,138.0,138.0,148.0,148.0,148.0,127.0,110.5,158.0,110.5,148.0,138.0,138.0,148.0,148.0,120.5,158.0,160.0,128.0,168.0,148.0,148.0,138.0,85.5,127.0,120.5,137.0,122.5,168.0
2023-02-03,138.0,138.0,148.0,148.0,138.0,127.0,110.5,158.0,110.5,138.0,138.0,128.0,148.0,148.0,120.5,148.0,160.0,128.0,158.0,138.0,148.0,138.0,85.5,127.0,120.5,137.0,115.5,168.0
2023-02-04,128.0,128.0,148.0,138.0,138.0,127.0,110.5,148.0,105.5,138.0,138.0,128.0,148.0,148.0,120.5,148.0,148.0,128.0,158.0,138.0,148.0,138.0,85.5,127.0,115.5,137.0,110.5,168.0
2023-02-05,120.5,128.0,148.0,138.0,138.0,127.0,110.5,148.0,105.5,138.0,128.0,128.0,148.0,148.0,120.5,148.0,148.0,128.0,158.0,138.0,148.0,138.0,85.5,127.0,115.5,137.0,110.5,158.0
2023-02-06,115.5,128.0,148.0,138.0,138.0,127.0,115.5,148.0,105.5,138.0,128.0,128.0,148.0,148.0,120.5,148.0,148.0,128.0,148.0,138.0,148.0,128.0,85.5,127.0,115.5,137.0,110.5,158.0
2023-02-07,115.5,128.0,148.0,138.0,138.0,127.0,115.5,148.0,105.5,138.0,128.0,138.0,148.0,148.0,120.5,148.0,148.0,128.0,148.0,138.0,148.0,128.0,85.5,127.0,115.5,137.0,110.5,158.0
2023-02-08,115.5,128.0,148.0,138.0,138.0,127.0,115.5,148.0,105.5,138.0,128.0,138.0,148.0,148.0,120.5,148.0,148.0,128.0,148.0,138.0,148.0,128.0,85.5,127.0,115.5,137.0,110.5,148.0
2023-02-09,115.5,128.0,138.0,138.0,138.0,127.0,110.5,148.0,105.5,138.0,128.0,138.0,148.0,148.0,120.5,148.0,148.0,128.0,148.0,138.0,148.0,128.0,85.5,127.0,115.5,137.0,110.5,148.0
2023-02-10,128.0,128.0,138.0,138.0,138.0,127.0,110.5,148.0,105.5,138.0,128.0,138.0,138.0,138.0,120.5,148.0,148.0,128.0,148.0,138.0,148.0,128.0,85.5,127.0,115.5,137.0,110.5,148.0
2023-02-11,128.0,128.0,138.0,138.0,138.0,127.0,110.5,148.0,105.5,138.0,128.0,128.0,138.0,138.0,120.5,148.0,148.0,120.5,148.0,138.0,148.0,128.0,85.5,127.0,115.5,137.0,110.5,148.0
2023-02-12,128.0,128.0,138.0,138.0,138.0,127.0,110.5,148.0,105.5,138.0,128.0,128.0,138.0,138.0,120.5,148.0,148.0,120.5,148.0,138.0,148.0,128.0,85.5,127.0,115.5,137.0,110.5,148.0
2023-02-13,115.5,128.0,138.0,138.0,138.0,127.0,110.5,148.0,105.5,138.0,128.0,128.0,138.0,138.0,120.5,148.0,148.0,120.5,148.0,138.0,148.0,128.0,85.5,127.0,115.5,137.0,110.5,148.0
2023-02-14,115.5,128.0,138.0,138.0,138.0,127.0,110.5,148.0,105.5,138.0,128.0,128.0,138.0,148.0,120.5,148.0,148.0,120.5,148.0,138.0,148.0,128.0,85.5,127.0,115.5,137.0,110.5,148.0
2023-02-15,115.5,138.0,138.0,138.0,148.0,127.0,115.5,158.0,110.5,148.0,128.0,128.0,148.0,148.0,128.0,158.0,148.0,128.0,158.0,138.0,158.0,138.0,85.5,127.0,120.5,137.0,115.5,158.0
2023-02-16,115.5,138.0,148.0,148.0,148.0,127.0,115.5,158.0,110.5,148.0,128.0,128.0,148.0,148.0,128.0,158.0,148.0,128.0,158.0,138.0,158.0,138.0,85.5,127.0,120.5,137.0,115.5,158.0
2023-02-17,115.5,138.0,148.0,148.0,148.0,127.0,115.5,158.0,110.5,148.0,128.0,128.0,148.0,148.0,128.0,158.0,148.0,128.0,158.0,138.0,158.0,138.0,85.5,127.0,120.5,137.0,115.5,158.0
2023-02-18,128.0,128.0,148.0,148.0,148.0,127.0,115.5,158.0,110.5,148.0,128.0,138.0,148.0,148.0,128.0,158.0,148.0,128.0,158.0,138.0,158.0,138.0,85.5,127.0,120.5,137.0,115.5,158.0
2023-02-19,128.0,128.0,148.0,148.0,148.0,127.0,115.5,148.0,110.5,148.0,128.0,138.0,148.0,148.0,128.0,158.0,148.0,128.0,158.0,138.0,158.0,138.0,85.5,127.0,120.5,137.0,115.5,158.0
2023-02-20,128.0,128.0,148.0,148.0,148.0,127.0,115.5,148.0,110.5,148.0,128.0,138.0,148.0,148.0,128.0,158.0,148.0,128.0,158.0,138.0,158.0,138.0,85.5,127.0,120.5,137.0,115.5,158.0
2023-02-21,138.0,128.0,148.0,148.0,148.0,127.0,115.5,148.0,110.5,177.0,128.0,128.0,148.0,148.0,128.0,158.0,148.0,128.0,158.0,148.0,158.0,138.0,90.5,127.0,120.5,137.0,137.0,158.0
2023-02-22,148.0,148.0,177.0,177.0,148.0,127.0,137.0,168.0,132.0,177.0,138.0,128.0,168.0,177.0,138.0,197.0,177.0,138.0,180.0,177.0,168.0,158.0,90.5,127.0,128.0,137.0,137.0,158.0
2023-02-23,148.0,148.0,177.0,177.0,158.0,127.0,137.0,168.0,132.0,177.0,148.0,128.0,168.0,177.0,138.0,197.0,177.0,138.0,180.0,177.0,168.0,158.0,100.5,127.0,138.0,137.0,137.0,158.0
2023-02-24,148.0,148.0,177.0,177.0,158.0,127.0,137.0,168.0,132.0,177.0,148.0,134.25,168.0,177.0,138.0,197.0,177.0,138.0,180.0,177.0,168.0,158.0,100.5,127.0,138.0,137.0,137.0,158.0
2023-02-25,148.0,138.0,177.0,177.0,158.0,127.0,137.0,168.0,132.0,177.0,148.0,148.0,168.0,177.0,138.0,197.0,177.0,138.0,180.0,177.0,168.0,158.0,100.5,127.0,138.0,137.0,137.0,168.0
2023-02-26,148.0,138.0,177.0,177.0,158.0,127.0,137.0,168.0,132.0,177.0,148.0,148.0,168.0,177.0,138.0,197.0,177.0,138.0,180.0,177.0,168.0,158.0,100.5,127.0,138.0,137.0,137.0,168.0
2023-02-27,148.0,138.0,177.0,177.0,158.0,127.0,137.0,180.0,132.0,177.0,148.0,148.0,168.0,177.0,138.0,197.0,177.0,138.0,180.0,177.0,180.0,158.0,100.5,127.0,138.0,137.0,137.0,168.0
2023-02-28,158.0,138.0,177.0,177.0,158.0,127.0,137.0,180.0,132.0,177.0,148.0,148.0,168.0,177.0,148.0,197.0,177.0,138.0,197.0,177.0,197.0,168.0,105.5,127.0,148.0,137.0,137.0,168.0
2023-03-01,158.0,148.0,177.0,177.0,168.0,127.0,137.0,180.0,132.0,177.0,148.0,148.0,168.0,177.0,148.0,197.0,177.0,138.0,197.0,177.0,197.0,168.0,105.5,127.0,148.0,137.0,137.0,168.0
2023-03-02,158.0,148.0,177.0,177.0,168.0,127.0,137.0,180.0,132.0,177.0,148.0,160.0,168.0,177.0,148.0,197.0,177.0,138.0,197.0,177.0,197.0,168.0,105.5,127.0,148.0,137.0,137.0,180.0
2023-03-03,158.0,148.0,177.0,177.0,168.0,127.0,137.0,180.0,132.0,177.0,148.0,160.0,168.0,177.0,148.0,197.0,177.0,138.0,197.0,177.0,197.0,168.0,105.5,127.0,148.0,137.0,137.0,180.0
2023-03-04,158.0,148.0,177.0,177.0,168.0,127.0,137.0,180.0,132.0,177.0,148.0,160.0,168.0,177.0,148.0,197.0,177.0,138.0,197.0,177.0,197.0,168.0,105.5,127.0,148.0,137.0,137.0,180.0
2023-03-05,158.0,138.0,177.0,177.0,168.0,127.0,137.0,180.0,132.0,177.0,148.0,160.0,168.0,177.0,148.0,197.0,177.0,138.0,197.0,177.0,197.0,168.0,105.5,127.0,138.0,137.0,137.0,180.0
2023-03-06,158.0,138.0,177.0,177.0,168.0,127.0,137.0,168.0,132.0,177.0,148.0,148.0,168.0,177.0,148.0,197.0,177.0,138.0,197.0,177.0,197.0,158.0,100.5,127.0,138.0,137.0,137.0,180.0
2023-03-07,148.0,138.0,177.0,177.0,158.0,127.0,137.0,168.0,132.0,177.0,138.0,148.0,168.0,177.0,138.0,197.0,177.0,138.0,197.0,177.0,197.0,158.0,100.5,127.0,138.0,137.0,137.0,180.0
2023-03-08,148.0,138.0,177.0,177.0,158.0,127.0,137.0,168.0,132.0,177.0,138.0,148.0,168.0,177.0,138.0,197.0,177.0,138.0,197.0,177.0,197.0,158.0,100.5,127.0,128.0,137.0,137.0,180.0
2023-03-09,148.0,138.0,177.0,177.0,158.0,127.0,137.0,168.0,132.0,177.0,138.0,148.0,168.0,177.0,138.0,197.0,177.0,138.0,197.0,177.0,197.0,158.0,100.5,127.0,128.0,137.0,137.0,180.0
2023-03-10,197.0,138.0,177.0,177.0,197.0,127.0,137.0,197.0,132.0,177.0,138.0,177.0,197.0,177.0,138.0,197.0,177.0,138.0,197.0,177.0,197.0,197.0,100.5,127.0,128.0,137.0,137.0,197.0
2023-03-11,197.0,197.0,177.0,177.0,197.0,127.0,137.0,197.0,132.0,177.0,177.0,177.0,197.0,177.0,158.0,197.0,177.0,168.0,197.0,177.0,197.0,197.0,128.0,127.0,168.0,137.0,137.0,197.0
2023-03-12,197.0,197.0,177.0,177.0,197.0,127.0,137.0,197.0,132.0,177.0,177.0,177.0,197.0,177.0,168.0,197.0,177.0,168.0,197.0,177.0,197.0,197.0,128.0,127.0,168.0,137.0,137.0,197.0
2023-03-13,197.0,197.0,177.0,177.0,197.0,127.0,137.0,197.0,132.0,177.0,177.0,177.0,197.0,177.0,168.0,197.0,177.0,168.0,197.0,177.0,197.0,197.0,128.0,127.0,168.0,137.0,137.0,197.0
2023-03-14,197.0,197.0,177.0,177.0,197.0,127.0,137.0,197.0,132.0,177.0,177.0,177.0,197.0,177.0,168.0,197.0,177.0,168.0,197.0,177.0,197.0,197.0,128.0,127.0,168.0,137.0,137.0,197.0
2023-03-15,197.0,197.0,177.0,177.0,197.0,127.0,137.0,197.0,132.0,177.0,177.0,177.0,197.0,177.0,168.0,197.0,177.0,168.0,197.0,177.0,197.0,197.0,138.0,127.0,168.0,137.0,137.0,197.0
2023-03-16,197.0,197.0,177.0,177.0,197.0,127.0,137.0,197.0,132.0,177.0,177.0,177.0,197.0,177.0,168.0,197.0,177.0,168.0,197.0,177.0,197.0,197.0,138.0,127.0,168.0,137.0,137.0,197.0
2023-03-17,197.0,197.0,177.0,177.0,197.0,127.0,137.0,197.0,132.0,177.0,177.0,177.0,197.0,177.0,168.0,197.0,177.0,168.0,197.0,177.0,197.0,197.0,138.0,127.0,168.0,137.0,137.0,197.0
2023-03-18,197.0,197.0,177.0,177.0,197.0,127.0,137.0,197.0,132.0,177.0,177.0,177.0,197.0,177.0,168.0,197.0,177.0,168.0,197.0,177.0,197.0,197.0,138.0,127.0,168.0,137.0,137.0,197.0
2023-03-19,197.0,197.0,177.0,177.0,197.0,127.0,137.0,197.0,132.0,177.0,177.0,177.0,197.0,177.0,168.0,197.0,177.0,197.0,197.0,177.0,197.0,197.0,138.0,127.0,197.0,137.0,137.0,197.0
2023-03-20,197.0,197.0,177.0,177.0,197.0,127.0,137.0,197.0,132.0,177.0,177.0,177.0,197.0,177.0,197.0,197.0,177.0,197.0,197.0,177.0,197.0,197.0,138.0,127.0,197.0,137.0,137.0,197.0
2023-03-21,197.0,197.0,177.0,177.0,197.0,127.0,137.0,197.0,132.0,177.0,177.0,177.0,197.0,177.0,197.0,197.0,177.0,197.0,197.0,177.0,197.0,197.0,148.0,127.0,197.0,137.0,137.0,197.0
2023-03-22,197.0,197.0,177.0,177.0,197.0,127.0,137.0,197.0,132.0,177.0,177.0,177.0,197.0,177.0,197.0,197.0,177.0,197.0,197.0,177.0,197.0,197.0,148.0,127.0,197.0,137.0,137.0,197.0
2023-03-23,197.0,197.0,177.0,177.0,197.0,127.0,137.0,197.0,132.0,177.0,177.0,177.0,197.0,177.0,197.0,197.0,177.0,197.0,197.0,177.0,197.0,197.0,148.0,127.0,197.0,137.0,137.0,197.0
2023-03-24,197.0,197.0,177.0,177.0,197.0,127.0,137.0,197.0,132.0,177.0,177.0,177.0,197.0,177.0,197.0,197.0,177.0,197.0,197.0,177.0,197.0,197.0,148.0,127.0,197.0,137.0,137.0,197.0
2023-03-25,197.0,197.0,177.0,177.0,197.0,127.0,137.0,197.0,132.0,177.0,177.0,177.0,197.0,177.0,197.0,197.0,177.0,197.0,197.0,177.0,197.0,197.0,148.0,127.0,197.0,137.0,137.0,197.0
2023-03-26,197.0,197.0,177.0,177.0,197.0,127.0,137.0,197.0,132.0,177.0,177.0,177.0,197.0,177.0,197.0,197.0,177.0,197.0,197.0,177.0,197.0,197.0,148.0,127.0,197.0,137.0,137.0,197.0
2023-03-27,197.0,197.0,177.0,177.0,197.0,127.0,137.0,197.0,132.0,177.0,177.0,177.0,197.0,177.0,197.0,197.0,177.0,197.0,197.0,177.0,197.0,197.0,148.0,127.0,197.0,137.0,137.0,197.0
2023-03-28,197.0,197.0,177.0,177.0,197.0,127.0,137.0,197.0,132.0,177.0,177.0,177.0,197.0,177.0,197.0,197.0,177.0,197.0,197.0,177.0,197.0,197.0,148.0,127.0,197.0,137.0,137.0,197.0
2023-03-29,197.0,197.0,177.0,177.0,197.0,127.0,137.0,197.0,132.0,177.0,177.0,177.0,197.0,177.0,197.0,197.0,177.0,197.0,197.0,177.0,197.0,197.0,148.0,127.0,197.0,137.0,137.0,197.0
2023-03-30,197.0,197.0,177.0,177.0,197.0,127.0,137.0,197.0,132.0,177.0,177.0,177.0,197.0,177.0,197.0,197.0,177.0,197.0,197.0,177.0,197.0,197.0,148.0,127.0,197.0,137.0,137.0,197.0
2023-03-31,197.0,197.0,177.0,177.0,197.0,127.0,137.0,197.0,132.0,177.0,177.0,177.0,197.0,177.0,197.0,197.0,177.0,197.0,197.0,177.0,197.0,197.0,148.0,127.0,197.0,137.0,137.0,197.0
2023-04-01,197.0,197.0,177.0,177.0,197.0,127.0,137.0,197.0,132.0,177.0,177.0,177.0,197.0,177.0,197.0,197.0,177.0,197.0,197.0,177.0,197.0,197.0,148.0,127.0,197.0,137.0,137.0,197.0
2023-04-02,197.0,197.0,177.0,177.0,197.0,127.0,137.0,197.0,132.0,177.0,177.0,177.0,197.0,177.0,197.0,197.0,177.0,197.0,197.0,177.0,197.0,197.0,148.0,127.0,197.0,137.0,137.0,197.0
2023-04-03,197.0,197.0,177.0,177.0,197.0,127.0,137.0,197.0,132.0,177.0,177.0,177.0,197.0,177.0,197.0,197.0,177.0,197.0,197.0,177.0,197.0,197.0,148.0,127.0,197.0,137.0,137.0,197.0
2023-04-04,197.0,197.0,177.0,177.0,197.0,127.0,137.0,197.0,132.0,177.0,177.0,177.0,197.0,177.0,197.0,197.0,177.0,197.0,197.0,177.0,197.0,197.0,148.0,127.0,168.0,137.0,137.0,197.0
2023-04-05,197.0,197.0,177.0,177.0,197.0,127.0,137.0,197.0,132.0,177.0,177.0,177.0,197.0,177.0,197.0,197.0,177.0,197.0,197.0,177.0,197.0,197.0,148.0,127.0,168.0,137.0,137.0,197.0
2023-04-06,197.0,197.0,177.0,177.0,197.0,127.0,137.0,197.0,132.0,177.0,177.0,177.0,197.0,177.0,197.0,197.0,177.0,197.0,197.0,177.0,197.0,197.0,148.0,127.0,168.0,137.0,137.0,197.0
2023-04-07,197.0,197.0,177.0,177.0,197.0,127.0,137.0,197.0,132.0,177.0,177.0,177.0,197.0,177.0,197.0,197.0,177.0,197.0,197.0,177.0,197.0,197.0,148.0,127.0,168.0,137.0,137.0,197.0
2023-04-08,197.0,197.0,177.0,177.0,197.0,127.0,137.0,197.0,132.0,177.0,177.0,177.0,197.0,177.0,168.0,197.0,177.0,197.0,197.0,177.0,197.0,197.0,138.0,127.0,168.0,137.0,137.0,197.0
2023-04-09,197.0,197.0,177.0,177.0,197.0,127.0,137.0,197.0,132.0,177.0,177.0,177.0,197.0,177.0,168.0,197.0,177.0,168.0,197.0,177.0,197.0,197.0,138.0,127.0,168.0,137.0,137.0,197.0
2023-04-10,197.0,197.0,177.0,177.0,197.0,127.0,137.0,197.0,132.0,177.0,177.0,177.0,197.0,177.0,168.0,197.0,177.0,168.0,197.0,177.0,197.0,197.0,138.0,127.0,158.0,137.0,137.0,197.0
2023-04-11,197.0,158.0,177.0,177.0,197.0,127.0,137.0,197.0,132.0,177.0,177.0,177.0,197.0,177.0,168.0,197.0,177.0,168.0,197.0,177.0,197.0,197.0,128.0,127.0,148.0,137.0,137.0,197.0
2023-04-12,197.0,158.0,177.0,177.0,197.0,127.0,137.0,197.0,132.0,177.0,177.0,177.0,197.0,177.0,158.0,197.0,177.0,168.0,197.0,177.0,197.0,158.0,128.0,127.0,128.0,137.0,137.0,197.0
2023-04-13,197.0,148.0,177.0,177.0,197.0,127.0,137.0,197.0,132.0,177.0,177.0,177.0,197.0,177.0,158.0,197.0,177.0,158.0,197.0,177.0,197.0,158.0,128.0,127.0,128.0,137.0,137.0,197.0
2023-04-14,197.0,148.0,177.0,177.0,197.0,127.0,137.0,197.0,132.0,177.0,177.0,177.0,197.0,177.0,158.0,197.0,177.0,158.0,197.0,177.0,197.0,158.0,128.0,127.0,128.0,137.0,137.0,197.0
2023-04-15,197.0,148.0,177.0,177.0,197.0,127.0,137.0,197.0,132.0,177.0,177.0,177.0,197.0,177.0,158.0,197.0,177.0,158.0,197.0,177.0,197.0,158.0,128.0,127.0,138.0,137.0,137.0,197.0
2023-04-16,197.0,148.0,177.0,177.0,197.0,127.0,137.0,197.0,132.0,177.0,177.0,177.0,197.0,177.0,158.0,197.0,177.0,158.0,197.0,177.0,197.0,158.0,128.0,127.0,138.0,137.0,137.0,197.0
2023-04-17,197.0,148.0,177.0,177.0,197.0,127.0,137.0,197.0,132.0,177.0,177.0,177.0,197.0,177.0,148.0,197.0,177.0,158.0,197.0,177.0,197.0,158.0,128.0,127.0,138.0,137.0,137.0,197.0
2023-04-18,197.0,138.0,177.0,177.0,197.0,127.0,137.0,197.0,132.0,177.0,177.0,177.0,197.0,177.0,148.0,197.0,177.0,158.0,197.0,177.0,197.0,158.0,120.5,127.0,128.0,137.0,137.0,197.0
2023-04-19,197.0,138.0,177.0,177.0,197.0,127.0,137.0,197.0,132.0,177.0,177.0,177.0,197.0,177.0,148.0,197.0,177.0,158.0,197.0,177.0,197.0,158.0,120.5,127.0,120.5,137.0,137.0,197.0
2023-04-20,197.0,138.0,177.0,177.0,197.0,127.0,137.0,197.0,132.0,177.0,177.0,177.0,197.0,177.0,148.0,197.0,177.0,158.0,197.0,177.0,197.0,158.0,120.5,127.0,120.5,137.0,137.0,197.0
2023-04-21,197.0,138.0,177.0,177.0,197.0,127.0,137.0,197.0,132.0,177.0,177.0,177.0,197.0,177.0,148.0,197.0,177.0,158.0,197.0,177.0,197.0,158.0,128.0,127.0,120.5,137.0,137.0,197.0
2023-04-22,197.0,143.0,177.0,177.0,197.0,127.0,137.0,197.0,132.0,177.0,177.0,177.0,197.0,177.0,148.0,197.0,177.0,158.0,197.0,177.0,197.0,158.0,128.0,127.0,128.0,137.0,137.0,197.0
2023-04-23,197.0,143.0,177.0,177.0,197.0,127.0,137.0,197.0,132.0,177.0,177.0,177.0,197.0,177.0,148.0,197.0,177.0,148.0,197.0,177.0,197.0,158.0,128.0,127.0,128.0,137.0,137.0,197.0
2023-04-24,197.0,148.0,177.0,177.0,197.0,127.0,137.0,197.0,132.0,177.0,177.0,177.0,197.0,177.0,148.0,197.0,177.0,148.0,197.0,177.0,197.0,158.0,128.0,127.0,128.0,137.0,137.0,197.0
2023-04-25,197.0,148.0,177.0,177.0,197.0,127.0,137.0,197.0,132.0,177.0,177.0,177.0,197.0,177.0,148.0,197.0,177.0,148.0,197.0,177.0,197.0,158.0,128.0,127.0,128.0,137.0,137.0,197.0
2023-04-26,197.0,148.0,177.0,177.0,197.0,127.0,137.0,197.0,132.0,177.0,177.0,177.0,197.0,177.0,148.0,197.0,177.0,148.0,197.0,177.0,197.0,158.0,128.0,127.0,128.0,137.0,137.0,197.0
2023-04-27,197.0,138.0,177.0,177.0,197.0,127.0,137.0,197.0,132.0,177.0,177.0,177.0,197.0,177.0,138.0,197.0,177.0,148.0,197.0,177.0,197.0,148.0,120.5,127.0,120.5,137.0,137.0,197.0
2023-04-28,197.0,128.0,177.0,160.0,197.0,127.0,137.0,197.0,132.0,177.0,177.0,177.0,197.0,177.0,138.0,197.0,177.0,148.0,197.0,177.0,197.0,148.0,120.5,127.0,120.5,137.0,137.0,197.0
2023-04-29,197.0,128.0,177.0,160.0,197.0,127.0,137.0,197.0,132.0,177.0,177.0,177.0,197.0,177.0,138.0,197.0,177.0,148.0,197.0,160.0,197.0,148.0,120.5,127.0,115.5,137.0,137.0,197.0
2023-04-30,197.0,120.5,177.0,138.0,180.0,127.0,137.0,,132.0,177.0,177.0,177.0,,177.0,128.0,197.0,177.0,138.0,197.0,148.0,197.0,148.0,115.5,127.0,105.5,137.0,137.0,
2023-05-01,197.0,110.5,177.0,128.0,158.0,127.0,137.0,,132.0,148.0,177.0,177.0,,177.0,115.5,197.0,177.0,138.0,197.0,138.0,,128.0,105.5,127.0,100.5,137.0,137.0,
2023-05-02,197.0,105.5,,128.0,148.0,127.0,137.0,,132.0,148.0,177.0,177.0,,177.0,110.5,197.0,177.0,138.0,197.0,128.0,,115.5,105.5,127.0,95.5,137.0,137.0,
2023-05-03,197.0,100.5,,128.0,148.0,127.0,137.0,,132.0,138.0,160.0,177.0,,177.0,110.5,197.0,177.0,128.0,180.0,115.5,,105.5,100.5,95.5,85.5,137.0,122.5,
2023-05-04,197.0,90.5,,128.0,148.0,127.0,137.0,,132.0,128.0,148.0,177.0,,177.0,105.5,197.0,177.0,128.0,168.0,110.5,,100.5,95.5,85.5,75.5,137.0,122.5,
2023-05-05,197.0,90.5,,115.5,138.0,127.0,137.0,,132.0,128.0,148.0,177.0,,177.0,105.5,197.0,177.0,120.5,168.0,110.5,,100.5,95.5,85.5,70.5,137.0,122.5,
2023-05-06,197.0,90.5,,115.5,138.0,127.0,137.0,,132.0,128.0,148.0,177.0,,177.0,105.5,197.0,177.0,120.5,158.0,105.5,,100.5,95.5,80.5,60.5,137.0,122.5,
2023-05-07,197.0,85.5,,115.5,138.0,127.0,137.0,,132.0,105.5,148.0,177.0,,177.0,105.5,197.0,177.0,120.5,158.0,105.5,,100.5,95.5,80.5,60.5,137.0,122.5,
2023-05-08,180.0,75.5,,115.5,120.5,127.0,137.0,,132.0,105.5,148.0,177.0,,160.0,100.5,180.0,148.0,120.5,148.0,95.5,,90.5,95.5,75.5,60.5,137.0,122.5,
2023-05-09,180.0,75.5,,100.5,115.5,127.0,137.0,,132.0,95.5,148.0,177.0,,148.0,95.5,158.0,128.0,115.5,138.0,85.5,,90.5,90.5,65.5,50.5,137.0,115.5,
2023-05-10,180.0,70.5,,100.5,115.5,127.0,137.0,,132.0,85.5,148.0,177.0,,148.0,95.5,148.0,110.5,115.5,128.0,80.5,,80.5,90.5,65.5,50.5,137.0,115.5,
2023-05-11,180.0,70.5,,100.5,110.5,127.0,137.0,,132.0,85.5,148.0,177.0,,138.0,90.5,148.0,105.5,110.5,128.0,75.5,,80.5,90.5,60.5,45.5,137.0,110.5,
2023-05-12,168.0,60.5,,95.5,110.5,127.0,137.0,,132.0,85.5,138.0,177.0,,138.0,90.5,148.0,100.5,110.5,128.0,75.5,,80.5,85.5,55.5,40.5,137.0,110.5,
2023-05-13,168.0,55.5,,95.5,95.5,127.0,137.0,,132.0,85.5,138.0,177.0,,128.0,85.5,138.0,95.5,100.5,120.5,55.5,,75.5,85.5,55.5,35.5,137.0,105.5,
2023-05-14,158.0,50.5,,85.5,95.5,127.0,137.0,,132.0,75.5,128.0,177.0,,115.5,80.5,128.0,80.5,95.5,100.5,48.5625,,70.5,80.5,45.5,30.5,115.5,100.5,
2023-05-15,148.0,45.5,,75.5,90.5,127.0,137.0,,132.0,65.5,120.5,177.0,,105.5,75.5,128.0,80.5,90.5,95.5,41.625,,50.5,75.5,35.5,15.5,105.5,95.5,
2023-05-16,128.0,40.5,,65.5,85.5,127.0,137.0,,132.0,50.5,115.5,177.0,,95.5,65.5,115.5,68.83333333333333,85.5,85.5,34.6875,,45.5,70.5,30.5,10.5,90.5,90.5,
2023-05-17,128.0,25.5,,65.5,80.5,127.0,137.0,,132.0,40.5,110.5,177.0,,80.5,60.5,100.5,57.16666666666667,75.5,85.5,27.75,,35.5,65.5,30.5,0.0,85.5,80.5,
2023-05-18,128.0,0.0,,50.5,80.5,127.0,122.5,,117.5,25.5,105.5,148.0,,75.5,55.5,95.5,45.5,70.5,70.5,20.8125,,25.5,60.5,-0.0,0.0,85.5,80.5,
2023-05-19,110.5,0.0,,45.5,80.5,112.5,115.5,,117.5,25.5,100.5,138.0,,65.5,50.5,85.5,35.5,70.5,60.5,13.875,,20.5,55.5,-0.0,0.0,80.5,75.5,
2023-05-20,110.5,0.0,,40.5,65.5,105.5,115.5,,110.5,25.5,95.5,128.0,,65.5,45.5,80.5,25.5,65.5,55.5,6.9375,,5.5,50.5,-0.0,0.0,75.5,65.5,
2023-05-21,105.5,0.0,,35.5,55.5,105.5,105.5,,110.5,20.5,90.5,128.0,,55.5,40.5,70.5,20.5,60.5,45.5,0.0,,5.5,50.5,-0.0,0.0,70.5,65.5,
2023-05-22,95.5,0.0,,30.5,50.5,95.5,105.5,,100.5,15.5,90.5,105.5,,40.5,35.5,60.5,10.5,60.5,35.5,,,0.0,45.5,-0.0,0.0,70.5,65.5,
2023-05-23,90.5,0.0,,20.5,50.5,95.5,105.5,,95.5,0.0,90.5,100.5,,25.5,35.5,55.5,0.0,55.5,25.5,,,0.0,45.5,-0.0,0.0,65.5,65.5,
2023-05-24,75.5,0.0,,20.5,40.5,90.5,100.5,,90.5,0.0,80.5,95.5,,10.5,35.5,50.5,0.0,55.5,25.5,,,0.0,40.5,-0.0,0.0,60.5,55.5,
2023-05-25,75.5,0.0,,10.5,40.5,90.5,95.5,,85.5,0.0,75.5,90.5,,10.5,25.5,35.5,0.0,50.5,15.5,,,0.0,40.5,-0.0,0.0,55.5,55.5,
2023-05-26,75.5,0.0,,10.5,35.5,85.5,95.5,,85.5,0.0,70.5,85.5,,0.0,15.5,35.5,0.0,45.5,0.0,,,0.0,35.5,-0.0,0.0,50.5,50.5,
2023-05-27,75.5,0.0,,0.0,25.5,80.5,90.5,,80.5,0.0,70.5,85.5,,0.0,15.5,35.5,0.0,45.5,0.0,,,0.0,30.5,-0.0,0.0,45.5,45.5,
2023-05-28,60.5,0.0,,0.0,25.5,75.5,90.5,,75.5,0.0,65.5,80.5,,0.0,5.5,5.5,0.0,40.5,0.0,,,0.0,30.5,-0.0,0.0,40.5,45.5,
2023-05-29,60.5,0.0,,0.0,25.5,68.0,85.5,,70.5,0.0,60.5,70.5,,0.0,0.0,5.5,0.0,35.5,0.0,,,0.0,25.5,-0.0,0.0,35.5,40.5,
2023-05-30,50.5,0.0,,0.0,10.5,68.0,85.5,,70.5,0.0,60.5,60.5,,0.0,0.0,0.0,0.0,25.5,0.0,,,0.0,20.5,-0.0,0.0,35.5,35.5,
2023-05-31,45.5,0.0,,0.0,0.0,68.0,85.5,,70.5,0.0,55.5,55.5,,0.0,0.0,0.0,0.0,25.5,0.0,,,0.0,20.5,-0.0,0.0,30.5,35.5,
2023-06-01,45.5,0.0,,0.0,0.0,68.0,85.5,,70.5,0.0,55.5,55.5,,0.0,0.0,0.0,0.0,20.5,0.0,,,0.0,15.5,-0.0,0.0,25.5,35.5,
2023-06-02,45.5,0.0,,0.0,0.0,58.0,85.5,,70.5,0.0,50.5,50.5,,0.0,0.0,0.0,0.0,20.5,0.0,,,0.0,15.5,-0.0,0.0,17.0,30.5,
2023-06-03,40.5,0.0,,0.0,0.0,58.0,80.5,,70.5,0.0,45.5,50.5,,0.0,0.0,0.0,0.0,20.5,0.0,,,0.0,10.5,-0.0,0.0,8.5,25.5,
2023-06-04,40.5,0.0,,0.0,0.0,58.0,80.5,,70.5,0.0,45.5,40.5,,0.0,0.0,0.0,0.0,0.0,0.0,,,0.0,10.5,-0.0,0.0,0.0,25.5,
2023-06-05,30.5,0.0,,0.0,0.0,48.0,75.5,,55.5,0.0,40.5,35.5,,0.0,0.0,0.0,0.0,0.0,0.0,,,0.0,0.0,-0.0,0.0,0.0,15.5,
2023-06-06,20.5,0.0,,0.0,0.0,48.0,70.5,,50.5,0.0,40.5,25.5,,0.0,0.0,0.0,0.0,0.0,0.0,,,0.0,0.0,-0.0,0.0,0.0,0.0,
2023-06-07,20.5,0.0,,0.0,0.0,48.0,65.5,,50.5,0.0,30.5,20.5,,0.0,0.0,0.0,0.0,0.0,0.0,,,0.0,0.0,-0.0,0.0,0.0,0.0,
2023-06-08,15.5,0.0,,0.0,0.0,38.0,65.5,,50.5,0.0,25.5,15.5,,0.0,0.0,0.0,0.0,0.0,0.0,,,0.0,0.0,-0.0,0.0,0.0,0.0,
2023-06-09,10.5,0.0,,0.0,0.0,28.0,65.5,,45.5,0.0,25.5,0.0,,0.0,0.0,0.0,0.0,0.0,0.0,,,0.0,0.0,-0.0,0.0,0.0,0.0,
2023-06-10,5.5,0.0,,0.0,0.0,28.0,65.5,,40.5,0.0,20.5,0.0,,0.0,0.0,0.0,0.0,0.0,0.0,,,0.0,0.0,-0.0,0.0,0.0,0.0,
2023-06-11,0.0,0.0,,0.0,0.0,28.0,60.5,,30.5,0.0,20.5,0.0,,0.0,0.0,0.0,0.0,0.0,0.0,,,0.0,0.0,-0.0,0.0,0.0,0.0,
2023-06-12,0.0,0.0,,0.0,0.0,18.0,50.5,,30.5,0.0,20.5,0.0,,0.0,0.0,0.0,0.0,0.0,0.0,,,0.0,0.0,-0.0,0.0,0.0,0.0,
2023-06-13,0.0,0.0,,0.0,0.0,18.0,45.5,,30.5,0.0,20.5,0.0,,0.0,0.0,0.0,0.0,0.0,0.0,,,0.0,0.0,-0.0,0.0,0.0,0.0,
2023-06-14,0.0,0.0,,0.0,0.0,18.0,45.5,,25.5,0.0,15.5,0.0,,0.0,0.0,0.0,0.0,0.0,0.0,,,0.0,0.0,-0.0,0.0,0.0,0.0,
2023-06-15,0.0,0.0,,0.0,0.0,8.0,45.5,,25.5,0.0,10.5,0.0,,0.0,0.0,0.0,0.0,0.0,0.0,,,0.0,0.0,-0.0,0.0,0.0,0.0,
2023-06-16,0.0,0.0,,0.0,0.0,8.0,40.5,,25.5,0.0,10.5,0.0,,0.0,0.0,0.0,0.0,0.0,0.0,,,0.0,0.0,-0.0,0.0,0.0,0.0,
2023-06-17,0.0,0.0,,0.0,0.0,8.0,35.5,,20.5,0.0,5.5,0.0,,0.0,0.0,0.0,0.0,0.0,0.0,,,0.0,0.0,-0.0,0.0,0.0,0.0,
2023-06-18,0.0,0.0,,0.0,0.0,-0.0,35.5,,15.5,0.0,0.0,0.0,,0.0,0.0,0.0,0.0,0.0,0.0,,,0.0,0.0,-0.0,0.0,0.0,0.0,
2023-06-19,0.0,0.0,,0.0,0.0,-0.0,30.5,,0.0,0.0,0.0,0.0,,0.0,0.0,0.0,0.0,0.0,0.0,,,0.0,0.0,-0.0,0.0,0.0,0.0,
2023-06-20,0.0,0.0,,0.0,0.0,-0.0,25.5,,0.0,0.0,0.0,0.0,,0.0,0.0,0.0,0.0,0.0,0.0,,,0.0,0.0,-0.0,0.0,0.0,0.0,
2023-06-21,0.0,0.0,,0.0,0.0,-0.0,25.5,,0.0,0.0,0.0,0.0,,0.0,0.0,0.0,0.0,0.0,0.0,,,0.0,0.0,-0.0,0.0,0.0,0.0,
2023-06-22,0.0,0.0,,0.0,0.0,-0.0,20.5,,0.0,0.0,0.0,0.0,,0.0,0.0,0.0,0.0,0.0,0.0,,,0.0,0.0,-0.0,0.0,0.0,0.0,
2023-06-23,0.0,0.0,,0.0,0.0,-0.0,15.5,,0.0,0.0,0.0,0.0,,0.0,0.0,0.0,0.0,0.0,0.0,,,0.0,0.0,-0.0,0.0,0.0,0.0,
2023-06-24,0.0,0.0,,0.0,0.0,-0.0,10.5,,0.0,0.0,0.0,0.0,,0.0,0.0,0.0,0.0,0.0,0.0,,,0.0,0.0,-0.0,0.0,0.0,0.0,
2023-06-25,0.0,0.0,,0.0,0.0,-0.0,0.0,,0.0,0.0,0.0,0.0,,0.0,0.0,0.0,0.0,0.0,0.0,,,0.0,0.0,-0.0,0.0,0.0,0.0,
2023-06-26,0.0,0.0,,0.0,0.0,-0.0,0.0,,0.0,0.0,0.0,0.0,,0.0,0.0,0.0,0.0,0.0,0.0,,,0.0,0.0,-0.0,0.0,0.0,0.0,
2023-06-27,0.0,0.0,,0.0,0.0,-0.0,0.0,,0.0,0.0,0.0,0.0,,0.0,0.0,0.0,0.0,0.0,0.0,,,0.0,0.0,-0.0,0.0,0.0,0.0,
2023-06-28,0.0,0.0,,0.0,0.0,-0.0,0.0,,0.0,0.0,0.0,0.0,,0.0,0.0,0.0,0.0,0.0,0.0,,,0.0,0.0,-0.0,0.0,0.0,0.0,
2023-06-29,0.0,0.0,,0.0,0.0,-0.0,0.0,,0.0,0.0,0.0,0.0,,0.0,0.0,0.0,0.0,0.0,0.0,,,0.0,0.0,-0.0,0.0,0.0,0.0,
2023-06-30,0.0,0.0,,0.0,0.0,-0.0,0.0,,0.0,0.0,0.0,0.0,,0.0,0.0,0.0,0.0,0.0,0.0,,,0.0,0.0,-0.0,0.0,0.0,0.0,
,,,,,,,,,,,,,,,,,,,,,,,,,,,,